path,label
C:\Users\Admin\Desktop\DPL302m\RockPapperScissor\img\papper\papper_2023-05-29_155814_36.png,0
C:\Users\Admin\Desktop\DPL302m\RockPapperScissor\img\rock\rock_2023-05-29_152117_50.png,1
C:\Users\Admin\Desktop\DPL302m\RockPapperScissor\img\rock\rock_2023-05-29_151808_23.png,1
C:\Users\Admin\Desktop\DPL302m\RockPapperScissor\img\scissor\scissor_2023-05-29_152908_47.png,2
C:\Users\Admin\Desktop\DPL302m\RockPapperScissor\img\scissor\scissor_2023-05-29_152655_44.png,2
C:\Users\Admin\Desktop\DPL302m\RockPapperScissor\img\papper\papper_2023-05-29_154440_26.png,0
C:\Users\Admin\Desktop\DPL302m\RockPapperScissor\img\scissor\scissor_2023-05-29_152625_29.png,2
C:\Users\Admin\Desktop\DPL302m\RockPapperScissor\img\rock\rock_2023-05-29_151744_11.png,1
C:\Users\Admin\Desktop\DPL302m\RockPapperScissor\img\papper\papper_2023-05-29_155210_11.png,0
C:\Users\Admin\Desktop\DPL302m\RockPapperScissor\img\papper\papper_2023-05-29_155018_27.png,0
C:\Users\Admin\Desktop\DPL302m\RockPapperScissor\img\rock\rock_2023-05-29_151738_8.png,1
C:\Users\Admin\Desktop\DPL302m\RockPapperScissor\img\papper\papper_2023-05-29_155728_13.png,0
C:\Users\Admin\Desktop\DPL302m\RockPapperScissor\img\papper\papper_2023-05-29_155151_1.png,0
C:\Users\Admin\Desktop\DPL302m\RockPapperScissor\img\papper\papper_2023-05-29_155216_14.png,0
C:\Users\Admin\Desktop\DPL302m\RockPapperScissor\img\rock\rock_2023-05-29_151854_46.png,1
C:\Users\Admin\Desktop\DPL302m\RockPapperScissor\img\scissor\scissor_2023-05-29_153341_20.png,2
C:\Users\Admin\Desktop\DPL302m\RockPapperScissor\img\rock\rock_2023-05-29_152322_14.png,1
C:\Users\Admin\Desktop\DPL302m\RockPapperScissor\img\scissor\scissor_2023-05-29_152750_8.png,2
C:\Users\Admin\Desktop\DPL302m\RockPapperScissor\img\papper\papper_2023-05-29_155712_5.png,0
C:\Users\Admin\Desktop\DPL302m\RockPapperScissor\img\papper\papper_2023-05-29_155016_26.png,0
C:\Users\Admin\Desktop\DPL302m\RockPapperScissor\img\papper\papper_2023-05-29_155532_37.png,0
C:\Users\Admin\Desktop\DPL302m\RockPapperScissor\img\rock\rock_2023-05-29_150338_31.png,1
C:\Users\Admin\Desktop\DPL302m\RockPapperScissor\img\scissor\scissor_2023-05-29_153204_45 copy.png,2
C:\Users\Admin\Desktop\DPL302m\RockPapperScissor\img\papper\papper_2023-05-29_154352_2.png,0
C:\Users\Admin\Desktop\DPL302m\RockPapperScissor\img\rock\rock_2023-05-29_150410_47.png,1
C:\Users\Admin\Desktop\DPL302m\RockPapperScissor\img\scissor\scissor_2023-05-29_153439_49.png,2
C:\Users\Admin\Desktop\DPL302m\RockPapperScissor\img\papper\papper_2023-05-29_154646_9.png,0
C:\Users\Admin\Desktop\DPL302m\RockPapperScissor\img\scissor\scissor_2023-05-29_153154_40.png,2
C:\Users\Admin\Desktop\DPL302m\RockPapperScissor\img\rock\rock_2023-05-29_150328_26.png,1
C:\Users\Admin\Desktop\DPL302m\RockPapperScissor\img\rock\rock_2023-05-29_150130_50.png,1
C:\Users\Admin\Desktop\DPL302m\RockPapperScissor\img\papper\papper_2023-05-29_155212_12.png,0
C:\Users\Admin\Desktop\DPL302m\RockPapperScissor\img\scissor\scissor_2023-05-29_153140_33.png,2
C:\Users\Admin\Desktop\DPL302m\RockPapperScissor\img\rock\rock_2023-05-29_151842_40.png,1
C:\Users\Admin\Desktop\DPL302m\RockPapperScissor\img\papper\papper_2023-05-29_155740_19.png,0
C:\Users\Admin\Desktop\DPL302m\RockPapperScissor\img\scissor\scissor_2023-05-29_154110_23.png,2
C:\Users\Admin\Desktop\DPL302m\RockPapperScissor\img\papper\papper_2023-05-29_154426_19.png,0
C:\Users\Admin\Desktop\DPL302m\RockPapperScissor\img\papper\papper_2023-05-29_155237_24.png,0
C:\Users\Admin\Desktop\DPL302m\RockPapperScissor\img\rock\rock_2023-05-29_151742_10.png,1
C:\Users\Admin\Desktop\DPL302m\RockPapperScissor\img\scissor\scissor_2023-05-29_153104_15.png,2
C:\Users\Admin\Desktop\DPL302m\RockPapperScissor\img\papper\papper_2023-05-29_154420_16.png,0
C:\Users\Admin\Desktop\DPL302m\RockPapperScissor\img\scissor\scissor_2023-05-29_153134_30.png,2
C:\Users\Admin\Desktop\DPL302m\RockPapperScissor\img\scissor\scissor_2023-05-29_152746_6.png,2
C:\Users\Admin\Desktop\DPL302m\RockPapperScissor\img\rock\rock_2023-05-29_150004_7.png,1
C:\Users\Admin\Desktop\DPL302m\RockPapperScissor\img\rock\rock_2023-05-29_145958_4.png,1
C:\Users\Admin\Desktop\DPL302m\RockPapperScissor\img\papper\papper_2023-05-29_154706_19.png,0
C:\Users\Admin\Desktop\DPL302m\RockPapperScissor\img\scissor\scissor_2023-05-29_153204_45.png,2
C:\Users\Admin\Desktop\DPL302m\RockPapperScissor\img\scissor\scissor_2023-05-29_153056_11.png,2
C:\Users\Admin\Desktop\DPL302m\RockPapperScissor\img\rock\rock_2023-05-29_151902_50.png,1
C:\Users\Admin\Desktop\DPL302m\RockPapperScissor\img\papper\papper_2023-05-29_155428_5.png,0
C:\Users\Admin\Desktop\DPL302m\RockPapperScissor\img\rock\rock_2023-05-29_150951_43.png,1
C:\Users\Admin\Desktop\DPL302m\RockPapperScissor\img\papper\papper_2023-05-29_155818_38.png,0
C:\Users\Admin\Desktop\DPL302m\RockPapperScissor\img\papper\papper_2023-05-29_155006_21.png,0
C:\Users\Admin\Desktop\DPL302m\RockPapperScissor\img\papper\papper_2023-05-29_155024_30.png,0
C:\Users\Admin\Desktop\DPL302m\RockPapperScissor\img\rock\rock_2023-05-29_150048_29.png,1
C:\Users\Admin\Desktop\DPL302m\RockPapperScissor\img\scissor\scissor_2023-05-29_153333_16.png,2
C:\Users\Admin\Desktop\DPL302m\RockPapperScissor\img\papper\papper_2023-05-29_155550_46 copy.png,0
C:\Users\Admin\Desktop\DPL302m\RockPapperScissor\img\rock\rock_2023-05-29_151802_20.png,1
C:\Users\Admin\Desktop\DPL302m\RockPapperScissor\img\rock\rock_2023-05-29_152005_14.png,1
C:\Users\Admin\Desktop\DPL302m\RockPapperScissor\img\papper\papper_2023-05-29_154452_32.png,0
C:\Users\Admin\Desktop\DPL302m\RockPapperScissor\img\rock\rock_2023-05-29_151828_33.png,1
C:\Users\Admin\Desktop\DPL302m\RockPapperScissor\img\rock\rock_2023-05-29_150404_44.png,1
C:\Users\Admin\Desktop\DPL302m\RockPapperScissor\img\papper\papper_2023-05-29_155544_43.png,0
C:\Users\Admin\Desktop\DPL302m\RockPapperScissor\img\scissor\scissor_2023-05-29_152559_16.png,2
C:\Users\Admin\Desktop\DPL302m\RockPapperScissor\img\scissor\scissor_2023-05-29_152531_2.png,2
C:\Users\Admin\Desktop\DPL302m\RockPapperScissor\img\papper\papper_2023-05-29_155550_46.png,0
C:\Users\Admin\Desktop\DPL302m\RockPapperScissor\img\rock\rock_2023-05-29_150002_6.png,1
C:\Users\Admin\Desktop\DPL302m\RockPapperScissor\img\scissor\scissor_2023-05-29_152742_4.png,2
C:\Users\Admin\Desktop\DPL302m\RockPapperScissor\img\scissor\scissor_2023-05-29_152756_11.png,2
C:\Users\Admin\Desktop\DPL302m\RockPapperScissor\img\scissor\scissor_2023-05-29_153323_11.png,2
C:\Users\Admin\Desktop\DPL302m\RockPapperScissor\img\scissor\scissor_2023-05-29_153110_18.png,2
C:\Users\Admin\Desktop\DPL302m\RockPapperScissor\img\rock\rock_2023-05-29_152101_42.png,1
C:\Users\Admin\Desktop\DPL302m\RockPapperScissor\img\papper\papper_2023-05-29_154702_17.png,0
C:\Users\Admin\Desktop\DPL302m\RockPapperScissor\img\papper\papper_2023-05-29_155440_11.png,0
C:\Users\Admin\Desktop\DPL302m\RockPapperScissor\img\rock\rock_2023-05-29_150058_34.png,1
C:\Users\Admin\Desktop\DPL302m\RockPapperScissor\img\scissor\scissor_2023-05-29_154050_13.png,2
C:\Users\Admin\Desktop\DPL302m\RockPapperScissor\img\papper\papper_2023-05-29_155004_20.png,0
C:\Users\Admin\Desktop\DPL302m\RockPapperScissor\img\rock\rock_2023-05-29_152053_38.png,1
C:\Users\Admin\Desktop\DPL302m\RockPapperScissor\img\papper\papper_2023-05-29_155242_27.png,0
C:\Users\Admin\Desktop\DPL302m\RockPapperScissor\img\rock\rock_2023-05-29_151848_43.png,1
C:\Users\Admin\Desktop\DPL302m\RockPapperScissor\img\rock\rock_2023-05-29_150042_26.png,1
C:\Users\Admin\Desktop\DPL302m\RockPapperScissor\img\papper\papper_2023-05-29_154940_8.png,0
C:\Users\Admin\Desktop\DPL302m\RockPapperScissor\img\scissor\scissor_2023-05-29_153544_14.png,2
C:\Users\Admin\Desktop\DPL302m\RockPapperScissor\img\papper\papper_2023-05-29_154520_46.png,0
C:\Users\Admin\Desktop\DPL302m\RockPapperScissor\img\papper\papper_2023-05-29_155430_6.png,0
C:\Users\Admin\Desktop\DPL302m\RockPapperScissor\img\rock\rock_2023-05-29_151943_3.png,1
C:\Users\Admin\Desktop\DPL302m\RockPapperScissor\img\rock\rock_2023-05-29_152039_31.png,1
C:\Users\Admin\Desktop\DPL302m\RockPapperScissor\img\rock\rock_2023-05-29_150326_25.png,1
C:\Users\Admin\Desktop\DPL302m\RockPapperScissor\img\papper\papper_2023-05-29_154944_10.png,0
C:\Users\Admin\Desktop\DPL302m\RockPapperScissor\img\papper\papper_2023-05-29_154728_30.png,0
C:\Users\Admin\Desktop\DPL302m\RockPapperScissor\img\rock\rock_2023-05-29_152306_6.png,1
C:\Users\Admin\Desktop\DPL302m\RockPapperScissor\img\rock\rock_2023-05-29_150054_32.png,1
C:\Users\Admin\Desktop\DPL302m\RockPapperScissor\img\papper\papper_2023-05-29_155824_41.png,0
C:\Users\Admin\Desktop\DPL302m\RockPapperScissor\img\scissor\scissor_2023-05-29_153552_18.png,2
C:\Users\Admin\Desktop\DPL302m\RockPapperScissor\img\scissor\scissor_2023-05-29_153100_13.png,2
C:\Users\Admin\Desktop\DPL302m\RockPapperScissor\img\papper\papper_2023-05-29_155020_28.png,0
C:\Users\Admin\Desktop\DPL302m\RockPapperScissor\img\rock\rock_2023-05-29_152400_33.png,1
C:\Users\Admin\Desktop\DPL302m\RockPapperScissor\img\papper\papper_2023-05-29_155008_22.png,0
C:\Users\Admin\Desktop\DPL302m\RockPapperScissor\img\papper\papper_2023-05-29_155036_36.png,0
C:\Users\Admin\Desktop\DPL302m\RockPapperScissor\img\papper\papper_2023-05-29_154356_4.png,0
C:\Users\Admin\Desktop\DPL302m\RockPapperScissor\img\rock\rock_2023-05-29_152314_10.png,1
C:\Users\Admin\Desktop\DPL302m\RockPapperScissor\img\papper\papper_2023-05-29_154738_35.png,0
C:\Users\Admin\Desktop\DPL302m\RockPapperScissor\img\papper\papper_2023-05-29_155000_18.png,0
C:\Users\Admin\Desktop\DPL302m\RockPapperScissor\img\papper\papper_2023-05-29_154416_14.png,0
C:\Users\Admin\Desktop\DPL302m\RockPapperScissor\img\rock\rock_2023-05-29_152404_35.png,1
C:\Users\Admin\Desktop\DPL302m\RockPapperScissor\img\rock\rock_2023-05-29_150106_38.png,1
C:\Users\Admin\Desktop\DPL302m\RockPapperScissor\img\rock\rock_2023-05-29_152041_32.png,1
C:\Users\Admin\Desktop\DPL302m\RockPapperScissor\img\rock\rock_2023-05-29_152358_32.png,1
C:\Users\Admin\Desktop\DPL302m\RockPapperScissor\img\papper\papper_2023-05-29_154510_41.png,0
C:\Users\Admin\Desktop\DPL302m\RockPapperScissor\img\rock\rock_2023-05-29_150829_2.png,1
C:\Users\Admin\Desktop\DPL302m\RockPapperScissor\img\rock\rock_2023-05-29_150314_19.png,1
C:\Users\Admin\Desktop\DPL302m\RockPapperScissor\img\rock\rock_2023-05-29_150959_47.png,1
C:\Users\Admin\Desktop\DPL302m\RockPapperScissor\img\rock\rock_2023-05-29_150300_12.png,1
C:\Users\Admin\Desktop\DPL302m\RockPapperScissor\img\rock\rock_2023-05-29_150955_45.png,1
C:\Users\Admin\Desktop\DPL302m\RockPapperScissor\img\rock\rock_2023-05-29_151834_36.png,1
C:\Users\Admin\Desktop\DPL302m\RockPapperScissor\img\rock\rock_2023-05-29_152316_11.png,1
C:\Users\Admin\Desktop\DPL302m\RockPapperScissor\img\rock\rock_2023-05-29_150356_40.png,1
C:\Users\Admin\Desktop\DPL302m\RockPapperScissor\img\scissor\scissor_2023-05-29_153116_21.png,2
C:\Users\Admin\Desktop\DPL302m\RockPapperScissor\img\scissor\scissor_2023-05-29_152537_5.png,2
C:\Users\Admin\Desktop\DPL302m\RockPapperScissor\img\scissor\scissor_2023-05-29_153427_43.png,2
C:\Users\Admin\Desktop\DPL302m\RockPapperScissor\img\rock\rock_2023-05-29_152416_41.png,1
C:\Users\Admin\Desktop\DPL302m\RockPapperScissor\img\papper\papper_2023-05-29_154402_7.png,0
C:\Users\Admin\Desktop\DPL302m\RockPapperScissor\img\scissor\scissor_2023-05-29_152832_29.png,2
C:\Users\Admin\Desktop\DPL302m\RockPapperScissor\img\scissor\scissor_2023-05-29_154124_30.png,2
C:\Users\Admin\Desktop\DPL302m\RockPapperScissor\img\scissor\scissor_2023-05-29_153114_20.png,2
C:\Users\Admin\Desktop\DPL302m\RockPapperScissor\img\scissor\scissor_2023-05-29_152808_17.png,2
C:\Users\Admin\Desktop\DPL302m\RockPapperScissor\img\scissor\scissor_2023-05-29_154148_42.png,2
C:\Users\Admin\Desktop\DPL302m\RockPapperScissor\img\papper\papper_2023-05-29_154656_14.png,0
C:\Users\Admin\Desktop\DPL302m\RockPapperScissor\img\papper\papper_2023-05-29_154720_26.png,0
C:\Users\Admin\Desktop\DPL302m\RockPapperScissor\img\scissor\scissor_2023-05-29_152647_40.png,2
C:\Users\Admin\Desktop\DPL302m\RockPapperScissor\img\rock\rock_2023-05-29_150905_20.png,1
C:\Users\Admin\Desktop\DPL302m\RockPapperScissor\img\rock\rock_2023-05-29_152432_49.png,1
C:\Users\Admin\Desktop\DPL302m\RockPapperScissor\img\scissor\scissor_2023-05-29_152850_38.png,2
C:\Users\Admin\Desktop\DPL302m\RockPapperScissor\img\rock\rock_2023-05-29_150248_6.png,1
C:\Users\Admin\Desktop\DPL302m\RockPapperScissor\img\scissor\scissor_2023-05-29_153526_5.png,2
C:\Users\Admin\Desktop\DPL302m\RockPapperScissor\img\scissor\scissor_2023-05-29_152547_10.png,2
C:\Users\Admin\Desktop\DPL302m\RockPapperScissor\img\scissor\scissor_2023-05-29_153409_34.png,2
C:\Users\Admin\Desktop\DPL302m\RockPapperScissor\img\scissor\scissor_2023-05-29_152838_32.png,2
C:\Users\Admin\Desktop\DPL302m\RockPapperScissor\img\rock\rock_2023-05-29_150943_39.png,1
C:\Users\Admin\Desktop\DPL302m\RockPapperScissor\img\scissor\scissor_2023-05-29_153546_15.png,2
C:\Users\Admin\Desktop\DPL302m\RockPapperScissor\img\scissor\scissor_2023-05-29_153212_49.png,2
C:\Users\Admin\Desktop\DPL302m\RockPapperScissor\img\papper\papper_2023-05-29_154742_37.png,0
C:\Users\Admin\Desktop\DPL302m\RockPapperScissor\img\scissor\scissor_2023-05-29_153532_8.png,2
C:\Users\Admin\Desktop\DPL302m\RockPapperScissor\img\rock\rock_2023-05-29_150342_33.png,1
C:\Users\Admin\Desktop\DPL302m\RockPapperScissor\img\papper\papper_2023-05-29_154448_30.png,0
C:\Users\Admin\Desktop\DPL302m\RockPapperScissor\img\rock\rock_2023-05-29_150324_24.png,1
C:\Users\Admin\Desktop\DPL302m\RockPapperScissor\img\papper\papper_2023-05-29_154648_10.png,0
C:\Users\Admin\Desktop\DPL302m\RockPapperScissor\img\papper\papper_2023-05-29_154958_17.png,0
C:\Users\Admin\Desktop\DPL302m\RockPapperScissor\img\papper\papper_2023-05-29_154442_27.png,0
C:\Users\Admin\Desktop\DPL302m\RockPapperScissor\img\rock\rock_2023-05-29_150000_5.png,1
C:\Users\Admin\Desktop\DPL302m\RockPapperScissor\img\rock\rock_2023-05-29_152037_30.png,1
C:\Users\Admin\Desktop\DPL302m\RockPapperScissor\img\papper\papper_2023-05-29_155244_28.png,0
C:\Users\Admin\Desktop\DPL302m\RockPapperScissor\img\papper\papper_2023-05-29_154634_3.png,0
C:\Users\Admin\Desktop\DPL302m\RockPapperScissor\img\scissor\scissor_2023-05-29_153522_3.png,2
C:\Users\Admin\Desktop\DPL302m\RockPapperScissor\img\rock\rock_2023-05-29_152021_22.png,1
C:\Users\Admin\Desktop\DPL302m\RockPapperScissor\img\papper\papper_2023-05-29_155718_8.png,0
C:\Users\Admin\Desktop\DPL302m\RockPapperScissor\img\papper\papper_2023-05-29_154642_7.png,0
C:\Users\Admin\Desktop\DPL302m\RockPapperScissor\img\papper\papper_2023-05-29_155458_20.png,0
C:\Users\Admin\Desktop\DPL302m\RockPapperScissor\img\papper\papper_2023-05-29_154640_6.png,0
C:\Users\Admin\Desktop\DPL302m\RockPapperScissor\img\scissor\scissor_2023-05-29_152601_17.png,2
C:\Users\Admin\Desktop\DPL302m\RockPapperScissor\img\scissor\scissor_2023-05-29_152631_32.png,2
C:\Users\Admin\Desktop\DPL302m\RockPapperScissor\img\rock\rock_2023-05-29_152338_22.png,1
C:\Users\Admin\Desktop\DPL302m\RockPapperScissor\img\rock\rock_2023-05-29_150827_1.png,1
C:\Users\Admin\Desktop\DPL302m\RockPapperScissor\img\papper\papper_2023-05-29_154354_3.png,0
C:\Users\Admin\Desktop\DPL302m\RockPapperScissor\img\papper\papper_2023-05-29_154644_8.png,0
C:\Users\Admin\Desktop\DPL302m\RockPapperScissor\img\papper\papper_2023-05-29_155218_15.png,0
C:\Users\Admin\Desktop\DPL302m\RockPapperScissor\img\rock\rock_2023-05-29_152035_29.png,1
C:\Users\Admin\Desktop\DPL302m\RockPapperScissor\img\scissor\scissor_2023-05-29_154142_39.png,2
C:\Users\Admin\Desktop\DPL302m\RockPapperScissor\img\scissor\scissor_2023-05-29_153050_8.png,2
C:\Users\Admin\Desktop\DPL302m\RockPapperScissor\img\papper\papper_2023-05-29_155312_42.png,0
C:\Users\Admin\Desktop\DPL302m\RockPapperScissor\img\papper\papper_2023-05-29_154928_2.png,0
C:\Users\Admin\Desktop\DPL302m\RockPapperScissor\img\scissor\scissor_2023-05-29_153315_7.png,2
C:\Users\Admin\Desktop\DPL302m\RockPapperScissor\img\papper\papper_2023-05-29_154458_35.png,0
C:\Users\Admin\Desktop\DPL302m\RockPapperScissor\img\papper\papper_2023-05-29_155802_30.png,0
C:\Users\Admin\Desktop\DPL302m\RockPapperScissor\img\scissor\scissor_2023-05-29_152814_20.png,2
C:\Users\Admin\Desktop\DPL302m\RockPapperScissor\img\scissor\scissor_2023-05-29_152629_31.png,2
C:\Users\Admin\Desktop\DPL302m\RockPapperScissor\img\scissor\scissor_2023-05-29_153542_13.png,2
C:\Users\Admin\Desktop\DPL302m\RockPapperScissor\img\papper\papper_2023-05-29_154638_5.png,0
C:\Users\Admin\Desktop\DPL302m\RockPapperScissor\img\rock\rock_2023-05-29_152051_37.png,1
C:\Users\Admin\Desktop\DPL302m\RockPapperScissor\img\papper\papper_2023-05-29_155444_13.png,0
C:\Users\Admin\Desktop\DPL302m\RockPapperScissor\img\rock\rock_2023-05-29_152033_28.png,1
C:\Users\Admin\Desktop\DPL302m\RockPapperScissor\img\papper\papper_2023-05-29_155152_2.png,0
C:\Users\Admin\Desktop\DPL302m\RockPapperScissor\img\rock\rock_2023-05-29_151900_49.png,1
C:\Users\Admin\Desktop\DPL302m\RockPapperScissor\img\scissor\scissor_2023-05-29_152914_50.png,2
C:\Users\Admin\Desktop\DPL302m\RockPapperScissor\img\papper\papper_2023-05-29_155038_37.png,0
C:\Users\Admin\Desktop\DPL302m\RockPapperScissor\img\rock\rock_2023-05-29_150322_23.png,1
C:\Users\Admin\Desktop\DPL302m\RockPapperScissor\img\scissor\scissor_2023-05-29_153319_9.png,2
C:\Users\Admin\Desktop\DPL302m\RockPapperScissor\img\papper\papper_2023-05-29_155502_22.png,0
C:\Users\Admin\Desktop\DPL302m\RockPapperScissor\img\rock\rock_2023-05-29_151800_19.png,1
C:\Users\Admin\Desktop\DPL302m\RockPapperScissor\img\rock\rock_2023-05-29_152057_40.png,1
C:\Users\Admin\Desktop\DPL302m\RockPapperScissor\img\scissor\scissor_2023-05-29_153652_48.png,2
C:\Users\Admin\Desktop\DPL302m\RockPapperScissor\img\rock\rock_2023-05-29_152055_39.png,1
C:\Users\Admin\Desktop\DPL302m\RockPapperScissor\img\papper\papper_2023-05-29_155238_25.png,0
C:\Users\Admin\Desktop\DPL302m\RockPapperScissor\img\scissor\scissor_2023-05-29_152806_16.png,2
C:\Users\Admin\Desktop\DPL302m\RockPapperScissor\img\rock\rock_2023-05-29_150254_9.png,1
C:\Users\Admin\Desktop\DPL302m\RockPapperScissor\img\papper\papper_2023-05-29_155736_17.png,0
C:\Users\Admin\Desktop\DPL302m\RockPapperScissor\img\papper\papper_2023-05-29_154400_6.png,0
C:\Users\Admin\Desktop\DPL302m\RockPapperScissor\img\rock\rock_2023-05-29_150308_16.png,1
C:\Users\Admin\Desktop\DPL302m\RockPapperScissor\img\rock\rock_2023-05-29_152043_33.png,1
C:\Users\Admin\Desktop\DPL302m\RockPapperScissor\img\scissor\scissor_2023-05-29_153628_36.png,2
C:\Users\Admin\Desktop\DPL302m\RockPapperScissor\img\scissor\scissor_2023-05-29_153429_44.png,2
C:\Users\Admin\Desktop\DPL302m\RockPapperScissor\img\scissor\scissor_2023-05-29_153634_39.png,2
C:\Users\Admin\Desktop\DPL302m\RockPapperScissor\img\papper\papper_2023-05-29_155026_31.png,0
C:\Users\Admin\Desktop\DPL302m\RockPapperScissor\img\rock\rock_2023-05-29_151941_2.png,1
C:\Users\Admin\Desktop\DPL302m\RockPapperScissor\img\papper\papper_2023-05-29_154808_50.png,0
C:\Users\Admin\Desktop\DPL302m\RockPapperScissor\img\papper\papper_2023-05-29_155744_21.png,0
C:\Users\Admin\Desktop\DPL302m\RockPapperScissor\img\papper\papper_2023-05-29_155012_24.png,0
C:\Users\Admin\Desktop\DPL302m\RockPapperScissor\img\rock\rock_2023-05-29_150238_1.png,1
C:\Users\Admin\Desktop\DPL302m\RockPapperScissor\img\papper\papper_2023-05-29_155233_22.png,0
C:\Users\Admin\Desktop\DPL302m\RockPapperScissor\img\rock\rock_2023-05-29_152045_34.png,1
C:\Users\Admin\Desktop\DPL302m\RockPapperScissor\img\rock\rock_2023-05-29_151951_7.png,1
C:\Users\Admin\Desktop\DPL302m\RockPapperScissor\img\rock\rock_2023-05-29_150008_9.png,1
C:\Users\Admin\Desktop\DPL302m\RockPapperScissor\img\rock\rock_2023-05-29_151832_35.png,1
C:\Users\Admin\Desktop\DPL302m\RockPapperScissor\img\scissor\scissor_2023-05-29_153309_4.png,2
C:\Users\Admin\Desktop\DPL302m\RockPapperScissor\img\rock\rock_2023-05-29_150921_28.png,1
C:\Users\Admin\Desktop\DPL302m\RockPapperScissor\img\rock\rock_2023-05-29_150014_12.png,1
C:\Users\Admin\Desktop\DPL302m\RockPapperScissor\img\scissor\scissor_2023-05-29_153632_38.png,2
C:\Users\Admin\Desktop\DPL302m\RockPapperScissor\img\scissor\scissor_2023-05-29_153616_30.png,2
C:\Users\Admin\Desktop\DPL302m\RockPapperScissor\img\scissor\scissor_2023-05-29_153540_12.png,2
C:\Users\Admin\Desktop\DPL302m\RockPapperScissor\img\rock\rock_2023-05-29_151726_2.png,1
C:\Users\Admin\Desktop\DPL302m\RockPapperScissor\img\papper\papper_2023-05-29_154654_13.png,0
C:\Users\Admin\Desktop\DPL302m\RockPapperScissor\img\rock\rock_2023-05-29_150030_20.png,1
C:\Users\Admin\Desktop\DPL302m\RockPapperScissor\img\rock\rock_2023-05-29_150240_2.png,1
C:\Users\Admin\Desktop\DPL302m\RockPapperScissor\img\rock\rock_2023-05-29_150947_41.png,1
C:\Users\Admin\Desktop\DPL302m\RockPapperScissor\img\rock\rock_2023-05-29_152354_30.png,1
C:\Users\Admin\Desktop\DPL302m\RockPapperScissor\img\scissor\scissor_2023-05-29_154114_25.png,2
C:\Users\Admin\Desktop\DPL302m\RockPapperScissor\img\rock\rock_2023-05-29_150929_32.png,1
C:\Users\Admin\Desktop\DPL302m\RockPapperScissor\img\rock\rock_2023-05-29_151814_26.png,1
C:\Users\Admin\Desktop\DPL302m\RockPapperScissor\img\papper\papper_2023-05-29_154434_23.png,0
C:\Users\Admin\Desktop\DPL302m\RockPapperScissor\img\scissor\scissor_2023-05-29_154116_26.png,2
C:\Users\Admin\Desktop\DPL302m\RockPapperScissor\img\papper\papper_2023-05-29_155538_40.png,0
C:\Users\Admin\Desktop\DPL302m\RockPapperScissor\img\scissor\scissor_2023-05-29_153518_1.png,2
C:\Users\Admin\Desktop\DPL302m\RockPapperScissor\img\papper\papper_2023-05-29_154450_31.png,0
C:\Users\Admin\Desktop\DPL302m\RockPapperScissor\img\rock\rock_2023-05-29_152422_44.png,1
C:\Users\Admin\Desktop\DPL302m\RockPapperScissor\img\papper\papper_2023-05-29_155442_12.png,0
C:\Users\Admin\Desktop\DPL302m\RockPapperScissor\img\rock\rock_2023-05-29_152111_47.png,1
C:\Users\Admin\Desktop\DPL302m\RockPapperScissor\img\papper\papper_2023-05-29_155812_35.png,0
C:\Users\Admin\Desktop\DPL302m\RockPapperScissor\img\scissor\scissor_2023-05-29_153148_37.png,2
C:\Users\Admin\Desktop\DPL302m\RockPapperScissor\img\papper\papper_2023-05-29_155456_19.png,0
C:\Users\Admin\Desktop\DPL302m\RockPapperScissor\img\rock\rock_2023-05-29_150412_48.png,1
C:\Users\Admin\Desktop\DPL302m\RockPapperScissor\img\rock\rock_2023-05-29_150352_38.png,1
C:\Users\Admin\Desktop\DPL302m\RockPapperScissor\img\scissor\scissor_2023-05-29_152637_35.png,2
C:\Users\Admin\Desktop\DPL302m\RockPapperScissor\img\scissor\scissor_2023-05-29_153144_35.png,2
C:\Users\Admin\Desktop\DPL302m\RockPapperScissor\img\papper\papper_2023-05-29_155323_47.png,0
C:\Users\Admin\Desktop\DPL302m\RockPapperScissor\img\rock\rock_2023-05-29_150006_8.png,1
C:\Users\Admin\Desktop\DPL302m\RockPapperScissor\img\rock\rock_2023-05-29_152328_17.png,1
C:\Users\Admin\Desktop\DPL302m\RockPapperScissor\img\papper\papper_2023-05-29_154744_38.png,0
C:\Users\Admin\Desktop\DPL302m\RockPapperScissor\img\papper\papper_2023-05-29_155314_43.png,0
C:\Users\Admin\Desktop\DPL302m\RockPapperScissor\img\scissor\scissor_2023-05-29_152639_36.png,2
C:\Users\Admin\Desktop\DPL302m\RockPapperScissor\img\papper\papper_2023-05-29_154802_47.png,0
C:\Users\Admin\Desktop\DPL302m\RockPapperScissor\img\papper\papper_2023-05-29_154508_40.png,0
C:\Users\Admin\Desktop\DPL302m\RockPapperScissor\img\rock\rock_2023-05-29_150911_23.png,1
C:\Users\Admin\Desktop\DPL302m\RockPapperScissor\img\scissor\scissor_2023-05-29_152613_23.png,2
C:\Users\Admin\Desktop\DPL302m\RockPapperScissor\img\rock\rock_2023-05-29_150919_27.png,1
C:\Users\Admin\Desktop\DPL302m\RockPapperScissor\img\rock\rock_2023-05-29_151746_12.png,1
C:\Users\Admin\Desktop\DPL302m\RockPapperScissor\img\papper\papper_2023-05-29_155826_42 copy.png,0
C:\Users\Admin\Desktop\DPL302m\RockPapperScissor\img\scissor\scissor_2023-05-29_153654_49.png,2
C:\Users\Admin\Desktop\DPL302m\RockPapperScissor\img\scissor\scissor_2023-05-29_152826_26.png,2
C:\Users\Admin\Desktop\DPL302m\RockPapperScissor\img\papper\papper_2023-05-29_154732_32.png,0
C:\Users\Admin\Desktop\DPL302m\RockPapperScissor\img\scissor\scissor_2023-05-29_153210_48.png,2
C:\Users\Admin\Desktop\DPL302m\RockPapperScissor\img\papper\papper_2023-05-29_155252_32.png,0
C:\Users\Admin\Desktop\DPL302m\RockPapperScissor\img\papper\papper_2023-05-29_155756_27.png,0
C:\Users\Admin\Desktop\DPL302m\RockPapperScissor\img\scissor\scissor_2023-05-29_154146_41.png,2
C:\Users\Admin\Desktop\DPL302m\RockPapperScissor\img\rock\rock_2023-05-29_150312_18.png,1
C:\Users\Admin\Desktop\DPL302m\RockPapperScissor\img\papper\papper_2023-05-29_154410_11.png,0
C:\Users\Admin\Desktop\DPL302m\RockPapperScissor\img\scissor\scissor_2023-05-29_152836_31.png,2
C:\Users\Admin\Desktop\DPL302m\RockPapperScissor\img\rock\rock_2023-05-29_150406_45.png,1
C:\Users\Admin\Desktop\DPL302m\RockPapperScissor\img\papper\papper_2023-05-29_154350_1.png,0
C:\Users\Admin\Desktop\DPL302m\RockPapperScissor\img\papper\papper_2023-05-29_155304_38 copy.png,0
C:\Users\Admin\Desktop\DPL302m\RockPapperScissor\img\scissor\scissor_2023-05-29_154154_45.png,2
C:\Users\Admin\Desktop\DPL302m\RockPapperScissor\img\papper\papper_2023-05-29_155510_26.png,0
C:\Users\Admin\Desktop\DPL302m\RockPapperScissor\img\scissor\scissor_2023-05-29_152553_13.png,2
C:\Users\Admin\Desktop\DPL302m\RockPapperScissor\img\scissor\scissor_2023-05-29_153624_34.png,2
C:\Users\Admin\Desktop\DPL302m\RockPapperScissor\img\papper\papper_2023-05-29_155738_18.png,0
C:\Users\Admin\Desktop\DPL302m\RockPapperScissor\img\papper\papper_2023-05-29_155256_34.png,0
C:\Users\Admin\Desktop\DPL302m\RockPapperScissor\img\papper\papper_2023-05-29_155448_15.png,0
C:\Users\Admin\Desktop\DPL302m\RockPapperScissor\img\papper\papper_2023-05-29_155446_14.png,0
C:\Users\Admin\Desktop\DPL302m\RockPapperScissor\img\scissor\scissor_2023-05-29_152657_45.png,2
C:\Users\Admin\Desktop\DPL302m\RockPapperScissor\img\papper\papper_2023-05-29_154930_3.png,0
C:\Users\Admin\Desktop\DPL302m\RockPapperScissor\img\scissor\scissor_2023-05-29_153120_23.png,2
C:\Users\Admin\Desktop\DPL302m\RockPapperScissor\img\scissor\scissor_2023-05-29_154056_16.png,2
C:\Users\Admin\Desktop\DPL302m\RockPapperScissor\img\rock\rock_2023-05-29_151953_8.png,1
C:\Users\Admin\Desktop\DPL302m\RockPapperScissor\img\rock\rock_2023-05-29_152330_18.png,1
C:\Users\Admin\Desktop\DPL302m\RockPapperScissor\img\rock\rock_2023-05-29_152023_23.png,1
C:\Users\Admin\Desktop\DPL302m\RockPapperScissor\img\scissor\scissor_2023-05-29_152736_1.png,2
C:\Users\Admin\Desktop\DPL302m\RockPapperScissor\img\papper\papper_2023-05-29_154700_16.png,0
C:\Users\Admin\Desktop\DPL302m\RockPapperScissor\img\scissor\scissor_2023-05-29_152651_42.png,2
C:\Users\Admin\Desktop\DPL302m\RockPapperScissor\img\papper\papper_2023-05-29_155714_6.png,0
C:\Users\Admin\Desktop\DPL302m\RockPapperScissor\img\scissor\scissor_2023-05-29_154156_46.png,2
C:\Users\Admin\Desktop\DPL302m\RockPapperScissor\img\scissor\scissor_2023-05-29_154152_44.png,2
C:\Users\Admin\Desktop\DPL302m\RockPapperScissor\img\rock\rock_2023-05-29_150316_20.png,1
C:\Users\Admin\Desktop\DPL302m\RockPapperScissor\img\rock\rock_2023-05-29_152017_20.png,1
C:\Users\Admin\Desktop\DPL302m\RockPapperScissor\img\rock\rock_2023-05-29_152426_46.png,1
C:\Users\Admin\Desktop\DPL302m\RockPapperScissor\img\scissor\scissor_2023-05-29_154140_38.png,2
C:\Users\Admin\Desktop\DPL302m\RockPapperScissor\img\rock\rock_2023-05-29_150923_29.png,1
C:\Users\Admin\Desktop\DPL302m\RockPapperScissor\img\rock\rock_2023-05-29_151840_39.png,1
C:\Users\Admin\Desktop\DPL302m\RockPapperScissor\img\scissor\scissor_2023-05-29_154138_37.png,2
C:\Users\Admin\Desktop\DPL302m\RockPapperScissor\img\papper\papper_2023-05-29_155758_28.png,0
C:\Users\Admin\Desktop\DPL302m\RockPapperScissor\img\scissor\scissor_2023-05-29_152635_34.png,2
C:\Users\Admin\Desktop\DPL302m\RockPapperScissor\img\scissor\scissor_2023-05-29_152707_50.png,2
C:\Users\Admin\Desktop\DPL302m\RockPapperScissor\img\papper\papper_2023-05-29_154718_25.png,0
C:\Users\Admin\Desktop\DPL302m\RockPapperScissor\img\scissor\scissor_2023-05-29_153524_4.png,2
C:\Users\Admin\Desktop\DPL302m\RockPapperScissor\img\scissor\scissor_2023-05-29_153349_24.png,2
C:\Users\Admin\Desktop\DPL302m\RockPapperScissor\img\scissor\scissor_2023-05-29_152852_39.png,2
C:\Users\Admin\Desktop\DPL302m\RockPapperScissor\img\rock\rock_2023-05-29_150044_27.png,1
C:\Users\Admin\Desktop\DPL302m\RockPapperScissor\img\rock\rock_2023-05-29_150056_33.png,1
C:\Users\Admin\Desktop\DPL302m\RockPapperScissor\img\rock\rock_2023-05-29_151856_47.png,1
C:\Users\Admin\Desktop\DPL302m\RockPapperScissor\img\rock\rock_2023-05-29_152310_8.png,1
C:\Users\Admin\Desktop\DPL302m\RockPapperScissor\img\papper\papper_2023-05-29_155224_18.png,0
C:\Users\Admin\Desktop\DPL302m\RockPapperScissor\img\papper\papper_2023-05-29_155002_19.png,0
C:\Users\Admin\Desktop\DPL302m\RockPapperScissor\img\rock\rock_2023-05-29_150348_36.png,1
C:\Users\Admin\Desktop\DPL302m\RockPapperScissor\img\papper\papper_2023-05-29_154714_23.png,0
C:\Users\Admin\Desktop\DPL302m\RockPapperScissor\img\papper\papper_2023-05-29_155329_50.png,0
C:\Users\Admin\Desktop\DPL302m\RockPapperScissor\img\papper\papper_2023-05-29_155102_49.png,0
C:\Users\Admin\Desktop\DPL302m\RockPapperScissor\img\scissor\scissor_2023-05-29_153536_10.png,2
C:\Users\Admin\Desktop\DPL302m\RockPapperScissor\img\rock\rock_2023-05-29_150851_13.png,1
C:\Users\Admin\Desktop\DPL302m\RockPapperScissor\img\scissor\scissor_2023-05-29_153419_39.png,2
C:\Users\Admin\Desktop\DPL302m\RockPapperScissor\img\rock\rock_2023-05-29_150010_10.png,1
C:\Users\Admin\Desktop\DPL302m\RockPapperScissor\img\rock\rock_2023-05-29_145956_3.png,1
C:\Users\Admin\Desktop\DPL302m\RockPapperScissor\img\rock\rock_2023-05-29_150855_15.png,1
C:\Users\Admin\Desktop\DPL302m\RockPapperScissor\img\scissor\scissor_2023-05-29_153112_19.png,2
C:\Users\Admin\Desktop\DPL302m\RockPapperScissor\img\papper\papper_2023-05-29_155434_8.png,0
C:\Users\Admin\Desktop\DPL302m\RockPapperScissor\img\rock\rock_2023-05-29_152434_50.png,1
C:\Users\Admin\Desktop\DPL302m\RockPapperScissor\img\rock\rock_2023-05-29_150939_37.png,1
C:\Users\Admin\Desktop\DPL302m\RockPapperScissor\img\rock\rock_2023-05-29_152001_12.png,1
C:\Users\Admin\Desktop\DPL302m\RockPapperScissor\img\rock\rock_2023-05-29_152015_19.png,1
C:\Users\Admin\Desktop\DPL302m\RockPapperScissor\img\papper\papper_2023-05-29_154406_9.png,0
C:\Users\Admin\Desktop\DPL302m\RockPapperScissor\img\rock\rock_2023-05-29_150857_16.png,1
C:\Users\Admin\Desktop\DPL302m\RockPapperScissor\img\rock\rock_2023-05-29_150050_30.png,1
C:\Users\Admin\Desktop\DPL302m\RockPapperScissor\img\rock\rock_2023-05-29_150402_43.png,1
C:\Users\Admin\Desktop\DPL302m\RockPapperScissor\img\rock\rock_2023-05-29_152348_27.png,1
C:\Users\Admin\Desktop\DPL302m\RockPapperScissor\img\papper\papper_2023-05-29_155516_29.png,0
C:\Users\Admin\Desktop\DPL302m\RockPapperScissor\img\rock\rock_2023-05-29_152107_45.png,1
C:\Users\Admin\Desktop\DPL302m\RockPapperScissor\img\scissor\scissor_2023-05-29_153556_20.png,2
C:\Users\Admin\Desktop\DPL302m\RockPapperScissor\img\rock\rock_2023-05-29_150853_14.png,1
C:\Users\Admin\Desktop\DPL302m\RockPapperScissor\img\papper\papper_2023-05-29_155526_34.png,0
C:\Users\Admin\Desktop\DPL302m\RockPapperScissor\img\rock\rock_2023-05-29_150246_5.png,1
C:\Users\Admin\Desktop\DPL302m\RockPapperScissor\img\scissor\scissor_2023-05-29_152824_25.png,2
C:\Users\Admin\Desktop\DPL302m\RockPapperScissor\img\papper\papper_2023-05-29_155032_34.png,0
C:\Users\Admin\Desktop\DPL302m\RockPapperScissor\img\rock\rock_2023-05-29_152342_24.png,1
C:\Users\Admin\Desktop\DPL302m\RockPapperScissor\img\papper\papper_2023-05-29_155034_35.png,0
C:\Users\Admin\Desktop\DPL302m\RockPapperScissor\img\scissor\scissor_2023-05-29_152627_30.png,2
C:\Users\Admin\Desktop\DPL302m\RockPapperScissor\img\papper\papper_2023-05-29_155318_45.png,0
C:\Users\Admin\Desktop\DPL302m\RockPapperScissor\img\rock\rock_2023-05-29_152256_1.png,1
C:\Users\Admin\Desktop\DPL302m\RockPapperScissor\img\rock\rock_2023-05-29_152113_48.png,1
C:\Users\Admin\Desktop\DPL302m\RockPapperScissor\img\papper\papper_2023-05-29_154750_41.png,0
C:\Users\Admin\Desktop\DPL302m\RockPapperScissor\img\papper\papper_2023-05-29_155452_17.png,0
C:\Users\Admin\Desktop\DPL302m\RockPapperScissor\img\scissor\scissor_2023-05-29_152633_33.png,2
C:\Users\Admin\Desktop\DPL302m\RockPapperScissor\img\papper\papper_2023-05-29_154932_4.png,0
C:\Users\Admin\Desktop\DPL302m\RockPapperScissor\img\rock\rock_2023-05-29_150100_35.png,1
C:\Users\Admin\Desktop\DPL302m\RockPapperScissor\img\scissor\scissor_2023-05-29_154058_17.png,2
C:\Users\Admin\Desktop\DPL302m\RockPapperScissor\img\scissor\scissor_2023-05-29_153423_41.png,2
C:\Users\Admin\Desktop\DPL302m\RockPapperScissor\img\rock\rock_2023-05-29_152336_21.png,1
C:\Users\Admin\Desktop\DPL302m\RockPapperScissor\img\rock\rock_2023-05-29_150114_42.png,1
C:\Users\Admin\Desktop\DPL302m\RockPapperScissor\img\papper\papper_2023-05-29_155206_9.png,0
C:\Users\Admin\Desktop\DPL302m\RockPapperScissor\img\scissor\scissor_2023-05-29_153648_46.png,2
C:\Users\Admin\Desktop\DPL302m\RockPapperScissor\img\rock\rock_2023-05-29_150925_30.png,1
C:\Users\Admin\Desktop\DPL302m\RockPapperScissor\img\scissor\scissor_2023-05-29_153628_36 copy.png,2
C:\Users\Admin\Desktop\DPL302m\RockPapperScissor\img\rock\rock_2023-05-29_151804_21.png,1
C:\Users\Admin\Desktop\DPL302m\RockPapperScissor\img\papper\papper_2023-05-29_155438_10.png,0
C:\Users\Admin\Desktop\DPL302m\RockPapperScissor\img\papper\papper_2023-05-29_154726_29.png,0
C:\Users\Admin\Desktop\DPL302m\RockPapperScissor\img\papper\papper_2023-05-29_155710_4.png,0
C:\Users\Admin\Desktop\DPL302m\RockPapperScissor\img\papper\papper_2023-05-29_155518_30.png,0
C:\Users\Admin\Desktop\DPL302m\RockPapperScissor\img\scissor\scissor_2023-05-29_152818_22.png,2
C:\Users\Admin\Desktop\DPL302m\RockPapperScissor\img\rock\rock_2023-05-29_151852_45.png,1
C:\Users\Admin\Desktop\DPL302m\RockPapperScissor\img\papper\papper_2023-05-29_154522_47.png,0
C:\Users\Admin\Desktop\DPL302m\RockPapperScissor\img\papper\papper_2023-05-29_154526_49.png,0
C:\Users\Admin\Desktop\DPL302m\RockPapperScissor\img\rock\rock_2023-05-29_150244_4.png,1
C:\Users\Admin\Desktop\DPL302m\RockPapperScissor\img\scissor\scissor_2023-05-29_153622_33.png,2
C:\Users\Admin\Desktop\DPL302m\RockPapperScissor\img\papper\papper_2023-05-29_154438_25.png,0
C:\Users\Admin\Desktop\DPL302m\RockPapperScissor\img\rock\rock_2023-05-29_152047_35.png,1
C:\Users\Admin\Desktop\DPL302m\RockPapperScissor\img\scissor\scissor_2023-05-29_153307_3.png,2
C:\Users\Admin\Desktop\DPL302m\RockPapperScissor\img\papper\papper_2023-05-29_155530_36.png,0
C:\Users\Admin\Desktop\DPL302m\RockPapperScissor\img\scissor\scissor_2023-05-29_154026_1.png,2
C:\Users\Admin\Desktop\DPL302m\RockPapperScissor\img\rock\rock_2023-05-29_151820_29.png,1
C:\Users\Admin\Desktop\DPL302m\RockPapperScissor\img\rock\rock_2023-05-29_151752_15.png,1
C:\Users\Admin\Desktop\DPL302m\RockPapperScissor\img\scissor\scissor_2023-05-29_153206_46.png,2
C:\Users\Admin\Desktop\DPL302m\RockPapperScissor\img\papper\papper_2023-05-29_155214_13.png,0
C:\Users\Admin\Desktop\DPL302m\RockPapperScissor\img\rock\rock_2023-05-29_150927_31.png,1
C:\Users\Admin\Desktop\DPL302m\RockPapperScissor\img\papper\papper_2023-05-29_155046_41.png,0
C:\Users\Admin\Desktop\DPL302m\RockPapperScissor\img\papper\papper_2023-05-29_155838_48.png,0
C:\Users\Admin\Desktop\DPL302m\RockPapperScissor\img\rock\rock_2023-05-29_150310_17.png,1
C:\Users\Admin\Desktop\DPL302m\RockPapperScissor\img\papper\papper_2023-05-29_155010_23.png,0
C:\Users\Admin\Desktop\DPL302m\RockPapperScissor\img\scissor\scissor_2023-05-29_152900_43.png,2
C:\Users\Admin\Desktop\DPL302m\RockPapperScissor\img\papper\papper_2023-05-29_154506_39.png,0
C:\Users\Admin\Desktop\DPL302m\RockPapperScissor\img\rock\rock_2023-05-29_150020_15.png,1
C:\Users\Admin\Desktop\DPL302m\RockPapperScissor\img\papper\papper_2023-05-29_155050_43.png,0
C:\Users\Admin\Desktop\DPL302m\RockPapperScissor\img\papper\papper_2023-05-29_154734_33.png,0
C:\Users\Admin\Desktop\DPL302m\RockPapperScissor\img\papper\papper_2023-05-29_155808_33.png,0
C:\Users\Admin\Desktop\DPL302m\RockPapperScissor\img\papper\papper_2023-05-29_155548_45.png,0
C:\Users\Admin\Desktop\DPL302m\RockPapperScissor\img\papper\papper_2023-05-29_155716_7.png,0
C:\Users\Admin\Desktop\DPL302m\RockPapperScissor\img\scissor\scissor_2023-05-29_153558_21.png,2
C:\Users\Admin\Desktop\DPL302m\RockPapperScissor\img\scissor\scissor_2023-05-29_153421_40.png,2
C:\Users\Admin\Desktop\DPL302m\RockPapperScissor\img\rock\rock_2023-05-29_152025_24.png,1
C:\Users\Admin\Desktop\DPL302m\RockPapperScissor\img\scissor\scissor_2023-05-29_152758_12.png,2
C:\Users\Admin\Desktop\DPL302m\RockPapperScissor\img\scissor\scissor_2023-05-29_153359_29.png,2
C:\Users\Admin\Desktop\DPL302m\RockPapperScissor\img\scissor\scissor_2023-05-29_152810_18.png,2
C:\Users\Admin\Desktop\DPL302m\RockPapperScissor\img\scissor\scissor_2023-05-29_153200_43.png,2
C:\Users\Admin\Desktop\DPL302m\RockPapperScissor\img\papper\papper_2023-05-29_154956_16.png,0
C:\Users\Admin\Desktop\DPL302m\RockPapperScissor\img\rock\rock_2023-05-29_150016_13.png,1
C:\Users\Admin\Desktop\DPL302m\RockPapperScissor\img\papper\papper_2023-05-29_155836_47.png,0
C:\Users\Admin\Desktop\DPL302m\RockPapperScissor\img\scissor\scissor_2023-05-29_152844_35.png,2
C:\Users\Admin\Desktop\DPL302m\RockPapperScissor\img\scissor\scissor_2023-05-29_153136_31.png,2
C:\Users\Admin\Desktop\DPL302m\RockPapperScissor\img\scissor\scissor_2023-05-29_152812_19.png,2
C:\Users\Admin\Desktop\DPL302m\RockPapperScissor\img\rock\rock_2023-05-29_152346_26.png,1
C:\Users\Admin\Desktop\DPL302m\RockPapperScissor\img\rock\rock_2023-05-29_152410_38.png,1
C:\Users\Admin\Desktop\DPL302m\RockPapperScissor\img\scissor\scissor_2023-05-29_153554_19.png,2
C:\Users\Admin\Desktop\DPL302m\RockPapperScissor\img\papper\papper_2023-05-29_155514_28.png,0
C:\Users\Admin\Desktop\DPL302m\RockPapperScissor\img\scissor\scissor_2023-05-29_153604_24.png,2
C:\Users\Admin\Desktop\DPL302m\RockPapperScissor\img\papper\papper_2023-05-29_155250_31.png,0
C:\Users\Admin\Desktop\DPL302m\RockPapperScissor\img\papper\papper_2023-05-29_155706_2.png,0
C:\Users\Admin\Desktop\DPL302m\RockPapperScissor\img\rock\rock_2023-05-29_150831_3.png,1
C:\Users\Admin\Desktop\DPL302m\RockPapperScissor\img\scissor\scissor_2023-05-29_153048_7.png,2
C:\Users\Admin\Desktop\DPL302m\RockPapperScissor\img\scissor\scissor_2023-05-29_152834_30.png,2
C:\Users\Admin\Desktop\DPL302m\RockPapperScissor\img\papper\papper_2023-05-29_154954_15.png,0
C:\Users\Admin\Desktop\DPL302m\RockPapperScissor\img\papper\papper_2023-05-29_154736_34.png,0
C:\Users\Admin\Desktop\DPL302m\RockPapperScissor\img\rock\rock_2023-05-29_150843_9.png,1
C:\Users\Admin\Desktop\DPL302m\RockPapperScissor\img\rock\rock_2023-05-29_152326_16.png,1
C:\Users\Admin\Desktop\DPL302m\RockPapperScissor\img\rock\rock_2023-05-29_150837_6.png,1
C:\Users\Admin\Desktop\DPL302m\RockPapperScissor\img\scissor\scissor_2023-05-29_153640_42.png,2
C:\Users\Admin\Desktop\DPL302m\RockPapperScissor\img\scissor\scissor_2023-05-29_153351_25.png,2
C:\Users\Admin\Desktop\DPL302m\RockPapperScissor\img\rock\rock_2023-05-29_151850_44.png,1
C:\Users\Admin\Desktop\DPL302m\RockPapperScissor\img\rock\rock_2023-05-29_151830_34.png,1
C:\Users\Admin\Desktop\DPL302m\RockPapperScissor\img\scissor\scissor_2023-05-29_152748_7.png,2
C:\Users\Admin\Desktop\DPL302m\RockPapperScissor\img\scissor\scissor_2023-05-29_154032_4.png,2
C:\Users\Admin\Desktop\DPL302m\RockPapperScissor\img\papper\papper_2023-05-29_155309_40.png,0
C:\Users\Admin\Desktop\DPL302m\RockPapperScissor\img\rock\rock_2023-05-29_151822_30.png,1
C:\Users\Admin\Desktop\DPL302m\RockPapperScissor\img\scissor\scissor_2023-05-29_153528_6.png,2
C:\Users\Admin\Desktop\DPL302m\RockPapperScissor\img\scissor\scissor_2023-05-29_154042_9.png,2
C:\Users\Admin\Desktop\DPL302m\RockPapperScissor\img\papper\papper_2023-05-29_155842_50.png,0
C:\Users\Admin\Desktop\DPL302m\RockPapperScissor\img\rock\rock_2023-05-29_152318_12.png,1
C:\Users\Admin\Desktop\DPL302m\RockPapperScissor\img\papper\papper_2023-05-29_155806_32.png,0
C:\Users\Admin\Desktop\DPL302m\RockPapperScissor\img\scissor\scissor_2023-05-29_152828_27.png,2
C:\Users\Admin\Desktop\DPL302m\RockPapperScissor\img\scissor\scissor_2023-05-29_152623_28.png,2
C:\Users\Admin\Desktop\DPL302m\RockPapperScissor\img\papper\papper_2023-05-29_155228_20.png,0
C:\Users\Admin\Desktop\DPL302m\RockPapperScissor\img\scissor\scissor_2023-05-29_153602_23.png,2
C:\Users\Admin\Desktop\DPL302m\RockPapperScissor\img\rock\rock_2023-05-29_152402_34.png,1
C:\Users\Admin\Desktop\DPL302m\RockPapperScissor\img\papper\papper_2023-05-29_155048_42.png,0
C:\Users\Admin\Desktop\DPL302m\RockPapperScissor\img\scissor\scissor_2023-05-29_153614_29 copy.png,2
C:\Users\Admin\Desktop\DPL302m\RockPapperScissor\img\papper\papper_2023-05-29_154804_48.png,0
C:\Users\Admin\Desktop\DPL302m\RockPapperScissor\img\scissor\scissor_2023-05-29_152703_48.png,2
C:\Users\Admin\Desktop\DPL302m\RockPapperScissor\img\scissor\scissor_2023-05-29_153534_9.png,2
C:\Users\Admin\Desktop\DPL302m\RockPapperScissor\img\papper\papper_2023-05-29_155726_12.png,0
C:\Users\Admin\Desktop\DPL302m\RockPapperScissor\img\scissor\scissor_2023-05-29_154202_50.png,2
C:\Users\Admin\Desktop\DPL302m\RockPapperScissor\img\scissor\scissor_2023-05-29_153124_25.png,2
C:\Users\Admin\Desktop\DPL302m\RockPapperScissor\img\papper\papper_2023-05-29_155508_25.png,0
C:\Users\Admin\Desktop\DPL302m\RockPapperScissor\img\rock\rock_2023-05-29_150128_49.png,1
C:\Users\Admin\Desktop\DPL302m\RockPapperScissor\img\scissor\scissor_2023-05-29_152551_12.png,2
C:\Users\Admin\Desktop\DPL302m\RockPapperScissor\img\scissor\scissor_2023-05-29_153044_5.png,2
C:\Users\Admin\Desktop\DPL302m\RockPapperScissor\img\rock\rock_2023-05-29_152424_45.png,1
C:\Users\Admin\Desktop\DPL302m\RockPapperScissor\img\scissor\scissor_2023-05-29_152804_15.png,2
C:\Users\Admin\Desktop\DPL302m\RockPapperScissor\img\rock\rock_2023-05-29_150252_8.png,1
C:\Users\Admin\Desktop\DPL302m\RockPapperScissor\img\rock\rock_2023-05-29_150907_21.png,1
C:\Users\Admin\Desktop\DPL302m\RockPapperScissor\img\rock\rock_2023-05-29_150933_34.png,1
C:\Users\Admin\Desktop\DPL302m\RockPapperScissor\img\scissor\scissor_2023-05-29_152902_44.png,2
C:\Users\Admin\Desktop\DPL302m\RockPapperScissor\img\papper\papper_2023-05-29_155254_33.png,0
C:\Users\Admin\Desktop\DPL302m\RockPapperScissor\img\rock\rock_2023-05-29_150258_11.png,1
C:\Users\Admin\Desktop\DPL302m\RockPapperScissor\img\papper\papper_2023-05-29_154708_20.png,0
C:\Users\Admin\Desktop\DPL302m\RockPapperScissor\img\scissor\scissor_2023-05-29_152556_14.png,2
C:\Users\Admin\Desktop\DPL302m\RockPapperScissor\img\rock\rock_2023-05-29_150332_28.png,1
C:\Users\Admin\Desktop\DPL302m\RockPapperScissor\img\papper\papper_2023-05-29_155054_45.png,0
C:\Users\Admin\Desktop\DPL302m\RockPapperScissor\img\scissor\scissor_2023-05-29_152910_48.png,2
C:\Users\Admin\Desktop\DPL302m\RockPapperScissor\img\rock\rock_2023-05-29_150102_36.png,1
C:\Users\Admin\Desktop\DPL302m\RockPapperScissor\img\scissor\scissor_2023-05-29_153042_4.png,2
C:\Users\Admin\Desktop\DPL302m\RockPapperScissor\img\scissor\scissor_2023-05-29_152607_20.png,2
C:\Users\Admin\Desktop\DPL302m\RockPapperScissor\img\papper\papper_2023-05-29_155754_26.png,0
C:\Users\Admin\Desktop\DPL302m\RockPapperScissor\img\papper\papper_2023-05-29_155432_7.png,0
C:\Users\Admin\Desktop\DPL302m\RockPapperScissor\img\scissor\scissor_2023-05-29_153407_33 copy.png,2
C:\Users\Admin\Desktop\DPL302m\RockPapperScissor\img\scissor\scissor_2023-05-29_154038_7.png,2
C:\Users\Admin\Desktop\DPL302m\RockPapperScissor\img\rock\rock_2023-05-29_151728_3.png,1
C:\Users\Admin\Desktop\DPL302m\RockPapperScissor\img\scissor\scissor_2023-05-29_154150_43.png,2
C:\Users\Admin\Desktop\DPL302m\RockPapperScissor\img\rock\rock_2023-05-29_152059_41.png,1
C:\Users\Admin\Desktop\DPL302m\RockPapperScissor\img\papper\papper_2023-05-29_155752_25.png,0
C:\Users\Admin\Desktop\DPL302m\RockPapperScissor\img\papper\papper_2023-05-29_155040_38.png,0
C:\Users\Admin\Desktop\DPL302m\RockPapperScissor\img\papper\papper_2023-05-29_155554_48.png,0
C:\Users\Admin\Desktop\DPL302m\RockPapperScissor\img\scissor\scissor_2023-05-29_153208_47.png,2
C:\Users\Admin\Desktop\DPL302m\RockPapperScissor\img\scissor\scissor_2023-05-29_153353_26.png,2
C:\Users\Admin\Desktop\DPL302m\RockPapperScissor\img\papper\papper_2023-05-29_154404_8.png,0
C:\Users\Admin\Desktop\DPL302m\RockPapperScissor\img\scissor\scissor_2023-05-29_153650_47.png,2
C:\Users\Admin\Desktop\DPL302m\RockPapperScissor\img\papper\papper_2023-05-29_155324_48.png,0
C:\Users\Admin\Desktop\DPL302m\RockPapperScissor\img\papper\papper_2023-05-29_155422_2.png,0
C:\Users\Admin\Desktop\DPL302m\RockPapperScissor\img\rock\rock_2023-05-29_150046_28.png,1
C:\Users\Admin\Desktop\DPL302m\RockPapperScissor\img\papper\papper_2023-05-29_155222_17.png,0
C:\Users\Admin\Desktop\DPL302m\RockPapperScissor\img\scissor\scissor_2023-05-29_153630_37.png,2
C:\Users\Admin\Desktop\DPL302m\RockPapperScissor\img\scissor\scissor_2023-05-29_153610_27.png,2
C:\Users\Admin\Desktop\DPL302m\RockPapperScissor\img\papper\papper_2023-05-29_154730_31.png,0
C:\Users\Admin\Desktop\DPL302m\RockPapperScissor\img\scissor\scissor_2023-05-29_153538_11.png,2
C:\Users\Admin\Desktop\DPL302m\RockPapperScissor\img\scissor\scissor_2023-05-29_152848_37.png,2
C:\Users\Admin\Desktop\DPL302m\RockPapperScissor\img\scissor\scissor_2023-05-29_154030_3.png,2
C:\Users\Admin\Desktop\DPL302m\RockPapperScissor\img\papper\papper_2023-05-29_154418_15.png,0
C:\Users\Admin\Desktop\DPL302m\RockPapperScissor\img\rock\rock_2023-05-29_152007_15.png,1
C:\Users\Admin\Desktop\DPL302m\RockPapperScissor\img\rock\rock_2023-05-29_152302_4.png,1
C:\Users\Admin\Desktop\DPL302m\RockPapperScissor\img\papper\papper_2023-05-29_154630_1.png,0
C:\Users\Admin\Desktop\DPL302m\RockPapperScissor\img\papper\papper_2023-05-29_154500_36.png,0
C:\Users\Admin\Desktop\DPL302m\RockPapperScissor\img\papper\papper_2023-05-29_155220_16.png,0
C:\Users\Admin\Desktop\DPL302m\RockPapperScissor\img\scissor\scissor_2023-05-29_153425_42.png,2
C:\Users\Admin\Desktop\DPL302m\RockPapperScissor\img\papper\papper_2023-05-29_154446_29.png,0
C:\Users\Admin\Desktop\DPL302m\RockPapperScissor\img\scissor\scissor_2023-05-29_153339_19.png,2
C:\Users\Admin\Desktop\DPL302m\RockPapperScissor\img\scissor\scissor_2023-05-29_153656_50.png,2
C:\Users\Admin\Desktop\DPL302m\RockPapperScissor\img\scissor\scissor_2023-05-29_153636_40.png,2
C:\Users\Admin\Desktop\DPL302m\RockPapperScissor\img\scissor\scissor_2023-05-29_152610_21.png,2
C:\Users\Admin\Desktop\DPL302m\RockPapperScissor\img\rock\rock_2023-05-29_150052_31.png,1
C:\Users\Admin\Desktop\DPL302m\RockPapperScissor\img\scissor\scissor_2023-05-29_153132_29.png,2
C:\Users\Admin\Desktop\DPL302m\RockPapperScissor\img\scissor\scissor_2023-05-29_154128_32.png,2
C:\Users\Admin\Desktop\DPL302m\RockPapperScissor\img\scissor\scissor_2023-05-29_152822_24.png,2
C:\Users\Admin\Desktop\DPL302m\RockPapperScissor\img\rock\rock_2023-05-29_150909_22.png,1
C:\Users\Admin\Desktop\DPL302m\RockPapperScissor\img\scissor\scissor_2023-05-29_152738_2.png,2
C:\Users\Admin\Desktop\DPL302m\RockPapperScissor\img\papper\papper_2023-05-29_155720_9.png,0
C:\Users\Admin\Desktop\DPL302m\RockPapperScissor\img\rock\rock_2023-05-29_151748_13.png,1
C:\Users\Admin\Desktop\DPL302m\RockPapperScissor\img\scissor\scissor_2023-05-29_153614_29.png,2
C:\Users\Admin\Desktop\DPL302m\RockPapperScissor\img\scissor\scissor_2023-05-29_152653_43.png,2
C:\Users\Admin\Desktop\DPL302m\RockPapperScissor\img\rock\rock_2023-05-29_151959_11.png,1
C:\Users\Admin\Desktop\DPL302m\RockPapperScissor\img\scissor\scissor_2023-05-29_154130_33.png,2
C:\Users\Admin\Desktop\DPL302m\RockPapperScissor\img\scissor\scissor_2023-05-29_153642_43.png,2
C:\Users\Admin\Desktop\DPL302m\RockPapperScissor\img\rock\rock_2023-05-29_150835_5.png,1
C:\Users\Admin\Desktop\DPL302m\RockPapperScissor\img\scissor\scissor_2023-05-29_152641_37.png,2
C:\Users\Admin\Desktop\DPL302m\RockPapperScissor\img\scissor\scissor_2023-05-29_154108_22 copy.png,2
C:\Users\Admin\Desktop\DPL302m\RockPapperScissor\img\scissor\scissor_2023-05-29_153331_15.png,2
C:\Users\Admin\Desktop\DPL302m\RockPapperScissor\img\scissor\scissor_2023-05-29_153311_5.png,2
C:\Users\Admin\Desktop\DPL302m\RockPapperScissor\img\rock\rock_2023-05-29_150302_13.png,1
C:\Users\Admin\Desktop\DPL302m\RockPapperScissor\img\papper\papper_2023-05-29_154936_6.png,0
C:\Users\Admin\Desktop\DPL302m\RockPapperScissor\img\rock\rock_2023-05-29_150026_18.png,1
C:\Users\Admin\Desktop\DPL302m\RockPapperScissor\img\papper\papper_2023-05-29_154752_42.png,0
C:\Users\Admin\Desktop\DPL302m\RockPapperScissor\img\rock\rock_2023-05-29_152027_25.png,1
C:\Users\Admin\Desktop\DPL302m\RockPapperScissor\img\papper\papper_2023-05-29_154938_7.png,0
C:\Users\Admin\Desktop\DPL302m\RockPapperScissor\img\papper\papper_2023-05-29_155724_11.png,0
C:\Users\Admin\Desktop\DPL302m\RockPapperScissor\img\rock\rock_2023-05-29_152350_28.png,1
C:\Users\Admin\Desktop\DPL302m\RockPapperScissor\img\scissor\scissor_2023-05-29_153108_17.png,2
C:\Users\Admin\Desktop\DPL302m\RockPapperScissor\img\papper\papper_2023-05-29_155552_47.png,0
C:\Users\Admin\Desktop\DPL302m\RockPapperScissor\img\scissor\scissor_2023-05-29_152621_27.png,2
C:\Users\Admin\Desktop\DPL302m\RockPapperScissor\img\scissor\scissor_2023-05-29_153606_25.png,2
C:\Users\Admin\Desktop\DPL302m\RockPapperScissor\img\scissor\scissor_2023-05-29_153138_32.png,2
C:\Users\Admin\Desktop\DPL302m\RockPapperScissor\img\scissor\scissor_2023-05-29_153608_26.png,2
C:\Users\Admin\Desktop\DPL302m\RockPapperScissor\img\papper\papper_2023-05-29_154934_5.png,0
C:\Users\Admin\Desktop\DPL302m\RockPapperScissor\img\scissor\scissor_2023-05-29_152645_39.png,2
C:\Users\Admin\Desktop\DPL302m\RockPapperScissor\img\rock\rock_2023-05-29_151750_14.png,1
C:\Users\Admin\Desktop\DPL302m\RockPapperScissor\img\scissor\scissor_2023-05-29_154120_28.png,2
C:\Users\Admin\Desktop\DPL302m\RockPapperScissor\img\papper\papper_2023-05-29_155512_27.png,0
C:\Users\Admin\Desktop\DPL302m\RockPapperScissor\img\scissor\scissor_2023-05-29_153343_21.png,2
C:\Users\Admin\Desktop\DPL302m\RockPapperScissor\img\papper\papper_2023-05-29_154712_22.png,0
C:\Users\Admin\Desktop\DPL302m\RockPapperScissor\img\rock\rock_2023-05-29_150416_50.png,1
C:\Users\Admin\Desktop\DPL302m\RockPapperScissor\img\papper\papper_2023-05-29_155030_33.png,0
C:\Users\Admin\Desktop\DPL302m\RockPapperScissor\img\papper\papper_2023-05-29_155248_30.png,0
C:\Users\Admin\Desktop\DPL302m\RockPapperScissor\img\scissor\scissor_2023-05-29_153156_41.png,2
C:\Users\Admin\Desktop\DPL302m\RockPapperScissor\img\rock\rock_2023-05-29_151826_32.png,1
C:\Users\Admin\Desktop\DPL302m\RockPapperScissor\img\rock\rock_2023-05-29_152003_13.png,1
C:\Users\Admin\Desktop\DPL302m\RockPapperScissor\img\scissor\scissor_2023-05-29_152659_46.png,2
C:\Users\Admin\Desktop\DPL302m\RockPapperScissor\img\papper\papper_2023-05-29_154518_45.png,0
C:\Users\Admin\Desktop\DPL302m\RockPapperScissor\img\papper\papper_2023-05-29_154946_11.png,0
C:\Users\Admin\Desktop\DPL302m\RockPapperScissor\img\scissor\scissor_2023-05-29_152557_15.png,2
C:\Users\Admin\Desktop\DPL302m\RockPapperScissor\img\rock\rock_2023-05-29_150847_11.png,1
C:\Users\Admin\Desktop\DPL302m\RockPapperScissor\img\papper\papper_2023-05-29_154952_14.png,0
C:\Users\Admin\Desktop\DPL302m\RockPapperScissor\img\scissor\scissor_2023-05-29_152802_14.png,2
C:\Users\Admin\Desktop\DPL302m\RockPapperScissor\img\papper\papper_2023-05-29_155722_10.png,0
C:\Users\Admin\Desktop\DPL302m\RockPapperScissor\img\rock\rock_2023-05-29_150414_49.png,1
C:\Users\Admin\Desktop\DPL302m\RockPapperScissor\img\papper\papper_2023-05-29_155230_21.png,0
C:\Users\Admin\Desktop\DPL302m\RockPapperScissor\img\papper\papper_2023-05-29_154948_12.png,0
C:\Users\Admin\Desktop\DPL302m\RockPapperScissor\img\papper\papper_2023-05-29_154456_34.png,0
C:\Users\Admin\Desktop\DPL302m\RockPapperScissor\img\papper\papper_2023-05-29_154722_27.png,0
C:\Users\Admin\Desktop\DPL302m\RockPapperScissor\img\papper\papper_2023-05-29_154408_10.png,0
C:\Users\Admin\Desktop\DPL302m\RockPapperScissor\img\papper\papper_2023-05-29_154724_28.png,0
C:\Users\Admin\Desktop\DPL302m\RockPapperScissor\img\rock\rock_2023-05-29_150116_43.png,1
C:\Users\Admin\Desktop\DPL302m\RockPapperScissor\img\scissor\scissor_2023-05-29_152820_23.png,2
C:\Users\Admin\Desktop\DPL302m\RockPapperScissor\img\scissor\scissor_2023-05-29_152912_49.png,2
C:\Users\Admin\Desktop\DPL302m\RockPapperScissor\img\scissor\scissor_2023-05-29_152611_22.png,2
C:\Users\Admin\Desktop\DPL302m\RockPapperScissor\img\papper\papper_2023-05-29_154650_11.png,0
C:\Users\Admin\Desktop\DPL302m\RockPapperScissor\img\scissor\scissor_2023-05-29_153437_48.png,2
C:\Users\Admin\Desktop\DPL302m\RockPapperScissor\img\papper\papper_2023-05-29_154424_18.png,0
C:\Users\Admin\Desktop\DPL302m\RockPapperScissor\img\rock\rock_2023-05-29_150903_19.png,1
C:\Users\Admin\Desktop\DPL302m\RockPapperScissor\img\rock\rock_2023-05-29_150833_4.png,1
C:\Users\Admin\Desktop\DPL302m\RockPapperScissor\img\rock\rock_2023-05-29_150358_41.png,1
C:\Users\Admin\Desktop\DPL302m\RockPapperScissor\img\scissor\scissor_2023-05-29_153054_10.png,2
C:\Users\Admin\Desktop\DPL302m\RockPapperScissor\img\rock\rock_2023-05-29_152352_29.png,1
C:\Users\Admin\Desktop\DPL302m\RockPapperScissor\img\scissor\scissor_2023-05-29_152603_18.png,2
C:\Users\Admin\Desktop\DPL302m\RockPapperScissor\img\rock\rock_2023-05-29_150320_22.png,1
C:\Users\Admin\Desktop\DPL302m\RockPapperScissor\img\rock\rock_2023-05-29_150108_39.png,1
C:\Users\Admin\Desktop\DPL302m\RockPapperScissor\img\rock\rock_2023-05-29_152304_5.png,1
C:\Users\Admin\Desktop\DPL302m\RockPapperScissor\img\rock\rock_2023-05-29_150953_44.png,1
C:\Users\Admin\Desktop\DPL302m\RockPapperScissor\img\papper\papper_2023-05-29_155536_39.png,0
C:\Users\Admin\Desktop\DPL302m\RockPapperScissor\img\papper\papper_2023-05-29_154746_39.png,0
C:\Users\Admin\Desktop\DPL302m\RockPapperScissor\img\scissor\scissor_2023-05-29_152854_40.png,2
C:\Users\Admin\Desktop\DPL302m\RockPapperScissor\img\papper\papper_2023-05-29_155748_23.png,0
C:\Users\Admin\Desktop\DPL302m\RockPapperScissor\img\scissor\scissor_2023-05-29_152701_47.png,2
C:\Users\Admin\Desktop\DPL302m\RockPapperScissor\img\papper\papper_2023-05-29_154926_1.png,0
C:\Users\Admin\Desktop\DPL302m\RockPapperScissor\img\scissor\scissor_2023-05-29_152842_34.png,2
C:\Users\Admin\Desktop\DPL302m\RockPapperScissor\img\papper\papper_2023-05-29_154422_17.png,0
C:\Users\Admin\Desktop\DPL302m\RockPapperScissor\img\papper\papper_2023-05-29_155156_4.png,0
C:\Users\Admin\Desktop\DPL302m\RockPapperScissor\img\papper\papper_2023-05-29_155816_37.png,0
C:\Users\Admin\Desktop\DPL302m\RockPapperScissor\img\papper\papper_2023-05-29_155546_44 copy.png,0
C:\Users\Admin\Desktop\DPL302m\RockPapperScissor\img\rock\rock_2023-05-29_150915_25.png,1
C:\Users\Admin\Desktop\DPL302m\RockPapperScissor\img\papper\papper_2023-05-29_155246_29.png,0
C:\Users\Admin\Desktop\DPL302m\RockPapperScissor\img\scissor\scissor_2023-05-29_154126_31.png,2
C:\Users\Admin\Desktop\DPL302m\RockPapperScissor\img\rock\rock_2023-05-29_151816_27.png,1
C:\Users\Admin\Desktop\DPL302m\RockPapperScissor\img\scissor\scissor_2023-05-29_153548_16.png,2
C:\Users\Admin\Desktop\DPL302m\RockPapperScissor\img\rock\rock_2023-05-29_152414_40.png,1
C:\Users\Admin\Desktop\DPL302m\RockPapperScissor\img\papper\papper_2023-05-29_155426_4.png,0
C:\Users\Admin\Desktop\DPL302m\RockPapperScissor\img\rock\rock_2023-05-29_152406_36.png,1
C:\Users\Admin\Desktop\DPL302m\RockPapperScissor\img\scissor\scissor_2023-05-29_154046_11.png,2
C:\Users\Admin\Desktop\DPL302m\RockPapperScissor\img\rock\rock_2023-05-29_150242_3.png,1
C:\Users\Admin\Desktop\DPL302m\RockPapperScissor\img\scissor\scissor_2023-05-29_153102_14.png,2
C:\Users\Admin\Desktop\DPL302m\RockPapperScissor\img\rock\rock_2023-05-29_150122_46.png,1
C:\Users\Admin\Desktop\DPL302m\RockPapperScissor\img\papper\papper_2023-05-29_154358_5.png,0
C:\Users\Admin\Desktop\DPL302m\RockPapperScissor\img\rock\rock_2023-05-29_151844_41.png,1
C:\Users\Admin\Desktop\DPL302m\RockPapperScissor\img\rock\rock_2023-05-29_150839_7.png,1
C:\Users\Admin\Desktop\DPL302m\RockPapperScissor\img\rock\rock_2023-05-29_150110_40.png,1
C:\Users\Admin\Desktop\DPL302m\RockPapperScissor\img\scissor\scissor_2023-05-29_153142_34 copy.png,2
C:\Users\Admin\Desktop\DPL302m\RockPapperScissor\img\papper\papper_2023-05-29_155420_1.png,0
C:\Users\Admin\Desktop\DPL302m\RockPapperScissor\img\papper\papper_2023-05-29_154716_24.png,0
C:\Users\Admin\Desktop\DPL302m\RockPapperScissor\img\scissor\scissor_2023-05-29_153646_45.png,2
C:\Users\Admin\Desktop\DPL302m\RockPapperScissor\img\rock\rock_2023-05-29_152019_21.png,1
C:\Users\Admin\Desktop\DPL302m\RockPapperScissor\img\scissor\scissor_2023-05-29_152649_41.png,2
C:\Users\Admin\Desktop\DPL302m\RockPapperScissor\img\rock\rock_2023-05-29_151941_2 copy.png,1
C:\Users\Admin\Desktop\DPL302m\RockPapperScissor\img\papper\papper_2023-05-29_155500_21.png,0
C:\Users\Admin\Desktop\DPL302m\RockPapperScissor\img\scissor\scissor_2023-05-29_153303_1.png,2
C:\Users\Admin\Desktop\DPL302m\RockPapperScissor\img\scissor\scissor_2023-05-29_153036_1.png,2
C:\Users\Admin\Desktop\DPL302m\RockPapperScissor\img\scissor\scissor_2023-05-29_154044_10.png,2
C:\Users\Admin\Desktop\DPL302m\RockPapperScissor\img\rock\rock_2023-05-29_151955_9.png,1
C:\Users\Admin\Desktop\DPL302m\RockPapperScissor\img\scissor\scissor_2023-05-29_153046_6.png,2
C:\Users\Admin\Desktop\DPL302m\RockPapperScissor\img\scissor\scissor_2023-05-29_152740_3.png,2
C:\Users\Admin\Desktop\DPL302m\RockPapperScissor\img\scissor\scissor_2023-05-29_154040_8.png,2
C:\Users\Admin\Desktop\DPL302m\RockPapperScissor\img\rock\rock_2023-05-29_150949_42.png,1
C:\Users\Admin\Desktop\DPL302m\RockPapperScissor\img\papper\papper_2023-05-29_155104_50.png,0
C:\Users\Admin\Desktop\DPL302m\RockPapperScissor\img\rock\rock_2023-05-29_151824_31.png,1
C:\Users\Admin\Desktop\DPL302m\RockPapperScissor\img\rock\rock_2023-05-29_151740_9.png,1
C:\Users\Admin\Desktop\DPL302m\RockPapperScissor\img\rock\rock_2023-05-29_150845_10.png,1
C:\Users\Admin\Desktop\DPL302m\RockPapperScissor\img\scissor\scissor_2023-05-29_153520_2.png,2
C:\Users\Admin\Desktop\DPL302m\RockPapperScissor\img\scissor\scissor_2023-05-29_153052_9.png,2
C:\Users\Admin\Desktop\DPL302m\RockPapperScissor\img\papper\papper_2023-05-29_155056_46.png,0
C:\Users\Admin\Desktop\DPL302m\RockPapperScissor\img\scissor\scissor_2023-05-29_152643_38.png,2
C:\Users\Admin\Desktop\DPL302m\RockPapperScissor\img\rock\rock_2023-05-29_151754_16.png,1
C:\Users\Admin\Desktop\DPL302m\RockPapperScissor\img\papper\papper_2023-05-29_155310_41.png,0
C:\Users\Admin\Desktop\DPL302m\RockPapperScissor\img\rock\rock_2023-05-29_151945_4.png,1
C:\Users\Admin\Desktop\DPL302m\RockPapperScissor\img\papper\papper_2023-05-29_155826_42.png,0
C:\Users\Admin\Desktop\DPL302m\RockPapperScissor\img\rock\rock_2023-05-29_150354_39.png,1
C:\Users\Admin\Desktop\DPL302m\RockPapperScissor\img\papper\papper_2023-05-29_154514_43.png,0
C:\Users\Admin\Desktop\DPL302m\RockPapperScissor\img\rock\rock_2023-05-29_152412_39.png,1
C:\Users\Admin\Desktop\DPL302m\RockPapperScissor\img\papper\papper_2023-05-29_154658_15.png,0
C:\Users\Admin\Desktop\DPL302m\RockPapperScissor\img\scissor\scissor_2023-05-29_153620_32.png,2
C:\Users\Admin\Desktop\DPL302m\RockPapperScissor\img\scissor\scissor_2023-05-29_152535_4.png,2
C:\Users\Admin\Desktop\DPL302m\RockPapperScissor\img\rock\rock_2023-05-29_152258_2.png,1
C:\Users\Admin\Desktop\DPL302m\RockPapperScissor\img\rock\rock_2023-05-29_150334_29.png,1
C:\Users\Admin\Desktop\DPL302m\RockPapperScissor\img\rock\rock_2023-05-29_152312_9.png,1
C:\Users\Admin\Desktop\DPL302m\RockPapperScissor\img\papper\papper_2023-05-29_155205_8.png,0
C:\Users\Admin\Desktop\DPL302m\RockPapperScissor\img\rock\rock_2023-05-29_151806_22.png,1
C:\Users\Admin\Desktop\DPL302m\RockPapperScissor\img\scissor\scissor_2023-05-29_153403_31.png,2
C:\Users\Admin\Desktop\DPL302m\RockPapperScissor\img\rock\rock_2023-05-29_151836_37.png,1
C:\Users\Admin\Desktop\DPL302m\RockPapperScissor\img\scissor\scissor_2023-05-29_153441_50.png,2
C:\Users\Admin\Desktop\DPL302m\RockPapperScissor\img\papper\papper_2023-05-29_155234_23.png,0
C:\Users\Admin\Desktop\DPL302m\RockPapperScissor\img\scissor\scissor_2023-05-29_154048_12.png,2
C:\Users\Admin\Desktop\DPL302m\RockPapperScissor\img\rock\rock_2023-05-29_150120_45.png,1
C:\Users\Admin\Desktop\DPL302m\RockPapperScissor\img\scissor\scissor_2023-05-29_154144_40.png,2
C:\Users\Admin\Desktop\DPL302m\RockPapperScissor\img\papper\papper_2023-05-29_154710_21.png,0
C:\Users\Admin\Desktop\DPL302m\RockPapperScissor\img\papper\papper_2023-05-29_154504_38.png,0
C:\Users\Admin\Desktop\DPL302m\RockPapperScissor\img\rock\rock_2023-05-29_152308_7.png,1
C:\Users\Admin\Desktop\DPL302m\RockPapperScissor\img\papper\papper_2023-05-29_155202_7.png,0
C:\Users\Admin\Desktop\DPL302m\RockPapperScissor\img\scissor\scissor_2023-05-29_153317_8.png,2
C:\Users\Admin\Desktop\DPL302m\RockPapperScissor\img\papper\papper_2023-05-29_155154_3.png,0
C:\Users\Admin\Desktop\DPL302m\RockPapperScissor\img\scissor\scissor_2023-05-29_152906_46.png,2
C:\Users\Admin\Desktop\DPL302m\RockPapperScissor\img\rock\rock_2023-05-29_150935_35.png,1
C:\Users\Admin\Desktop\DPL302m\RockPapperScissor\img\papper\papper_2023-05-29_155828_43.png,0
C:\Users\Admin\Desktop\DPL302m\RockPapperScissor\img\scissor\scissor_2023-05-29_152545_9.png,2
C:\Users\Admin\Desktop\DPL302m\RockPapperScissor\img\rock\rock_2023-05-29_150126_48.png,1
C:\Users\Admin\Desktop\DPL302m\RockPapperScissor\img\rock\rock_2023-05-29_150040_25.png,1
C:\Users\Admin\Desktop\DPL302m\RockPapperScissor\img\rock\rock_2023-05-29_150931_33.png,1
C:\Users\Admin\Desktop\DPL302m\RockPapperScissor\img\scissor\scissor_2023-05-29_153327_13.png,2
C:\Users\Admin\Desktop\DPL302m\RockPapperScissor\img\scissor\scissor_2023-05-29_153058_12.png,2
C:\Users\Admin\Desktop\DPL302m\RockPapperScissor\img\papper\papper_2023-05-29_155800_29.png,0
C:\Users\Admin\Desktop\DPL302m\RockPapperScissor\img\papper\papper_2023-05-29_155450_16.png,0
C:\Users\Admin\Desktop\DPL302m\RockPapperScissor\img\papper\papper_2023-05-29_154524_48.png,0
C:\Users\Admin\Desktop\DPL302m\RockPapperScissor\img\papper\papper_2023-05-29_155042_39.png,0
C:\Users\Admin\Desktop\DPL302m\RockPapperScissor\img\rock\rock_2023-05-29_152428_47.png,1
C:\Users\Admin\Desktop\DPL302m\RockPapperScissor\img\rock\rock_2023-05-29_150118_44.png,1
C:\Users\Admin\Desktop\DPL302m\RockPapperScissor\img\rock\rock_2023-05-29_150917_26.png,1
C:\Users\Admin\Desktop\DPL302m\RockPapperScissor\img\rock\rock_2023-05-29_152115_49.png,1
C:\Users\Admin\Desktop\DPL302m\RockPapperScissor\img\rock\rock_2023-05-29_152356_31.png,1
C:\Users\Admin\Desktop\DPL302m\RockPapperScissor\img\scissor\scissor_2023-05-29_154200_48.png,2
C:\Users\Admin\Desktop\DPL302m\RockPapperScissor\img\scissor\scissor_2023-05-29_152705_49.png,2
C:\Users\Admin\Desktop\DPL302m\RockPapperScissor\img\scissor\scissor_2023-05-29_152542_7.png,2
C:\Users\Admin\Desktop\DPL302m\RockPapperScissor\img\papper\papper_2023-05-29_155732_15.png,0
C:\Users\Admin\Desktop\DPL302m\RockPapperScissor\img\papper\papper_2023-05-29_155306_39.png,0
C:\Users\Admin\Desktop\DPL302m\RockPapperScissor\img\scissor\scissor_2023-05-29_154158_47.png,2
C:\Users\Admin\Desktop\DPL302m\RockPapperScissor\img\scissor\scissor_2023-05-29_153550_17.png,2
C:\Users\Admin\Desktop\DPL302m\RockPapperScissor\img\scissor\scissor_2023-05-29_153530_7.png,2
C:\Users\Admin\Desktop\DPL302m\RockPapperScissor\img\rock\rock_2023-05-29_150330_27.png,1
C:\Users\Admin\Desktop\DPL302m\RockPapperScissor\img\scissor\scissor_2023-05-29_153345_22.png,2
C:\Users\Admin\Desktop\DPL302m\RockPapperScissor\img\papper\papper_2023-05-29_155504_23.png,0
C:\Users\Admin\Desktop\DPL302m\RockPapperScissor\img\papper\papper_2023-05-29_154748_40.png,0
C:\Users\Admin\Desktop\DPL302m\RockPapperScissor\img\rock\rock_2023-05-29_151818_28.png,1
C:\Users\Admin\Desktop\DPL302m\RockPapperScissor\img\papper\papper_2023-05-29_155528_35.png,0
C:\Users\Admin\Desktop\DPL302m\RockPapperScissor\img\scissor\scissor_2023-05-29_152830_28.png,2
C:\Users\Admin\Desktop\DPL302m\RockPapperScissor\img\rock\rock_2023-05-29_150945_40.png,1
C:\Users\Admin\Desktop\DPL302m\RockPapperScissor\img\papper\papper_2023-05-29_155524_33.png,0
C:\Users\Admin\Desktop\DPL302m\RockPapperScissor\img\rock\rock_2023-05-29_151810_24.png,1
C:\Users\Admin\Desktop\DPL302m\RockPapperScissor\img\rock\rock_2023-05-29_150336_30.png,1
C:\Users\Admin\Desktop\DPL302m\RockPapperScissor\img\rock\rock_2023-05-29_150350_37.png,1
C:\Users\Admin\Desktop\DPL302m\RockPapperScissor\img\scissor\scissor_2023-05-29_153202_44.png,2
C:\Users\Admin\Desktop\DPL302m\RockPapperScissor\img\rock\rock_2023-05-29_152049_36.png,1
C:\Users\Admin\Desktop\DPL302m\RockPapperScissor\img\scissor\scissor_2023-05-29_153122_24.png,2
C:\Users\Admin\Desktop\DPL302m\RockPapperScissor\img\rock\rock_2023-05-29_151736_7.png,1
C:\Users\Admin\Desktop\DPL302m\RockPapperScissor\img\rock\rock_2023-05-29_150859_17.png,1
C:\Users\Admin\Desktop\DPL302m\RockPapperScissor\img\scissor\scissor_2023-05-29_153321_10.png,2
C:\Users\Admin\Desktop\DPL302m\RockPapperScissor\img\rock\rock_2023-05-29_150306_15.png,1
C:\Users\Admin\Desktop\DPL302m\RockPapperScissor\img\scissor\scissor_2023-05-29_152617_25.png,2
C:\Users\Admin\Desktop\DPL302m\RockPapperScissor\img\rock\rock_2023-05-29_150018_14.png,1
C:\Users\Admin\Desktop\DPL302m\RockPapperScissor\img\scissor\scissor_2023-05-29_154118_27.png,2
C:\Users\Admin\Desktop\DPL302m\RockPapperScissor\img\papper\papper_2023-05-29_155708_3.png,0
C:\Users\Admin\Desktop\DPL302m\RockPapperScissor\img\papper\papper_2023-05-29_154436_24.png,0
C:\Users\Admin\Desktop\DPL302m\RockPapperScissor\img\papper\papper_2023-05-29_154758_45.png,0
C:\Users\Admin\Desktop\DPL302m\RockPapperScissor\img\papper\papper_2023-05-29_155058_47.png,0
C:\Users\Admin\Desktop\DPL302m\RockPapperScissor\img\scissor\scissor_2023-05-29_152744_5.png,2
C:\Users\Admin\Desktop\DPL302m\RockPapperScissor\img\papper\papper_2023-05-29_154528_50.png,0
C:\Users\Admin\Desktop\DPL302m\RockPapperScissor\img\rock\rock_2023-05-29_150124_47.png,1
C:\Users\Admin\Desktop\DPL302m\RockPapperScissor\img\papper\papper_2023-05-29_154414_13.png,0
C:\Users\Admin\Desktop\DPL302m\RockPapperScissor\img\papper\papper_2023-05-29_154502_37.png,0
C:\Users\Admin\Desktop\DPL302m\RockPapperScissor\img\rock\rock_2023-05-29_150024_17.png,1
C:\Users\Admin\Desktop\DPL302m\RockPapperScissor\img\scissor\scissor_2023-05-29_153401_30.png,2
C:\Users\Admin\Desktop\DPL302m\RockPapperScissor\img\papper\papper_2023-05-29_154632_2.png,0
C:\Users\Admin\Desktop\DPL302m\RockPapperScissor\img\rock\rock_2023-05-29_152031_27.png,1
C:\Users\Admin\Desktop\DPL302m\RockPapperScissor\img\rock\rock_2023-05-29_150038_24.png,1
C:\Users\Admin\Desktop\DPL302m\RockPapperScissor\img\papper\papper_2023-05-29_155558_50.png,0
C:\Users\Admin\Desktop\DPL302m\RockPapperScissor\img\rock\rock_2023-05-29_150340_32.png,1
C:\Users\Admin\Desktop\DPL302m\RockPapperScissor\img\scissor\scissor_2023-05-29_154104_20.png,2
C:\Users\Admin\Desktop\DPL302m\RockPapperScissor\img\papper\papper_2023-05-29_154950_13.png,0
C:\Users\Admin\Desktop\DPL302m\RockPapperScissor\img\papper\papper_2023-05-29_155832_45.png,0
C:\Users\Admin\Desktop\DPL302m\RockPapperScissor\img\scissor\scissor_2023-05-29_152754_10.png,2
C:\Users\Admin\Desktop\DPL302m\RockPapperScissor\img\papper\papper_2023-05-29_155436_9.png,0
C:\Users\Admin\Desktop\DPL302m\RockPapperScissor\img\papper\papper_2023-05-29_155226_19.png,0
C:\Users\Admin\Desktop\DPL302m\RockPapperScissor\img\scissor\scissor_2023-05-29_152752_9.png,2
C:\Users\Admin\Desktop\DPL302m\RockPapperScissor\img\scissor\scissor_2023-05-29_152816_21.png,2
C:\Users\Admin\Desktop\DPL302m\RockPapperScissor\img\rock\rock_2023-05-29_152029_26.png,1
C:\Users\Admin\Desktop\DPL302m\RockPapperScissor\img\papper\papper_2023-05-29_155834_46.png,0
C:\Users\Admin\Desktop\DPL302m\RockPapperScissor\img\scissor\scissor_2023-05-29_153638_41.png,2
C:\Users\Admin\Desktop\DPL302m\RockPapperScissor\img\rock\rock_2023-05-29_150250_7.png,1
C:\Users\Admin\Desktop\DPL302m\RockPapperScissor\img\papper\papper_2023-05-29_154444_28.png,0
C:\Users\Admin\Desktop\DPL302m\RockPapperScissor\img\papper\papper_2023-05-29_154652_12.png,0
C:\Users\Admin\Desktop\DPL302m\RockPapperScissor\img\papper\papper_2023-05-29_155540_41.png,0
C:\Users\Admin\Desktop\DPL302m\RockPapperScissor\img\rock\rock_2023-05-29_150256_10.png,1
C:\Users\Admin\Desktop\DPL302m\RockPapperScissor\img\scissor\scissor_2023-05-29_154134_35.png,2
C:\Users\Admin\Desktop\DPL302m\RockPapperScissor\img\rock\rock_2023-05-29_151858_48.png,1
C:\Users\Admin\Desktop\DPL302m\RockPapperScissor\img\papper\papper_2023-05-29_155522_32.png,0
C:\Users\Admin\Desktop\DPL302m\RockPapperScissor\img\papper\papper_2023-05-29_155830_44.png,0
C:\Users\Admin\Desktop\DPL302m\RockPapperScissor\img\rock\rock_2023-05-29_151005_50.png,1
C:\Users\Admin\Desktop\DPL302m\RockPapperScissor\img\scissor\scissor_2023-05-29_153335_17.png,2
C:\Users\Admin\Desktop\DPL302m\RockPapperScissor\img\scissor\scissor_2023-05-29_153130_28.png,2
C:\Users\Admin\Desktop\DPL302m\RockPapperScissor\img\rock\rock_2023-05-29_152418_42.png,1
C:\Users\Admin\Desktop\DPL302m\RockPapperScissor\img\papper\papper_2023-05-29_154704_18.png,0
C:\Users\Admin\Desktop\DPL302m\RockPapperScissor\img\papper\papper_2023-05-29_155208_10.png,0
C:\Users\Admin\Desktop\DPL302m\RockPapperScissor\img\rock\rock_2023-05-29_150032_21.png,1
C:\Users\Admin\Desktop\DPL302m\RockPapperScissor\img\scissor\scissor_2023-05-29_153150_38.png,2
C:\Users\Admin\Desktop\DPL302m\RockPapperScissor\img\rock\rock_2023-05-29_151756_17.png,1
C:\Users\Admin\Desktop\DPL302m\RockPapperScissor\img\rock\rock_2023-05-29_150913_24.png,1
C:\Users\Admin\Desktop\DPL302m\RockPapperScissor\img\papper\papper_2023-05-29_155704_1.png,0
C:\Users\Admin\Desktop\DPL302m\RockPapperScissor\img\rock\rock_2023-05-29_151846_42.png,1
C:\Users\Admin\Desktop\DPL302m\RockPapperScissor\img\rock\rock_2023-05-29_150901_18.png,1
C:\Users\Admin\Desktop\DPL302m\RockPapperScissor\img\papper\papper_2023-05-29_155506_24.png,0
C:\Users\Admin\Desktop\DPL302m\RockPapperScissor\img\rock\rock_2023-05-29_150344_34.png,1
C:\Users\Admin\Desktop\DPL302m\RockPapperScissor\img\scissor\scissor_2023-05-29_153152_39.png,2
C:\Users\Admin\Desktop\DPL302m\RockPapperScissor\img\rock\rock_2023-05-29_150957_46.png,1
C:\Users\Admin\Desktop\DPL302m\RockPapperScissor\img\scissor\scissor_2023-05-29_152543_8.png,2
C:\Users\Admin\Desktop\DPL302m\RockPapperScissor\img\papper\papper_2023-05-29_155804_31.png,0
C:\Users\Admin\Desktop\DPL302m\RockPapperScissor\img\scissor\scissor_2023-05-29_153313_6.png,2
C:\Users\Admin\Desktop\DPL302m\RockPapperScissor\img\rock\rock_2023-05-29_150318_21.png,1
C:\Users\Admin\Desktop\DPL302m\RockPapperScissor\img\scissor\scissor_2023-05-29_153126_26.png,2
C:\Users\Admin\Desktop\DPL302m\RockPapperScissor\img\papper\papper_2023-05-29_155044_40.png,0
C:\Users\Admin\Desktop\DPL302m\RockPapperScissor\img\scissor\scissor_2023-05-29_153407_33.png,2
C:\Users\Admin\Desktop\DPL302m\RockPapperScissor\img\rock\rock_2023-05-29_150937_36.png,1
C:\Users\Admin\Desktop\DPL302m\RockPapperScissor\img\rock\rock_2023-05-29_151838_38.png,1
C:\Users\Admin\Desktop\DPL302m\RockPapperScissor\img\papper\papper_2023-05-29_154740_36.png,0
C:\Users\Admin\Desktop\DPL302m\RockPapperScissor\img\scissor\scissor_2023-05-29_152800_13.png,2
C:\Users\Admin\Desktop\DPL302m\RockPapperScissor\img\scissor\scissor_2023-05-29_153142_34.png,2
C:\Users\Admin\Desktop\DPL302m\RockPapperScissor\img\rock\rock_2023-05-29_152105_44.png,1
C:\Users\Admin\Desktop\DPL302m\RockPapperScissor\img\rock\rock_2023-05-29_150346_35.png,1
C:\Users\Admin\Desktop\DPL302m\RockPapperScissor\img\scissor\scissor_2023-05-29_153038_2.png,2
C:\Users\Admin\Desktop\DPL302m\RockPapperScissor\img\papper\papper_2023-05-29_155301_36.png,0
C:\Users\Admin\Desktop\DPL302m\RockPapperScissor\img\papper\papper_2023-05-29_155546_44.png,0
C:\Users\Admin\Desktop\DPL302m\RockPapperScissor\img\scissor\scissor_2023-05-29_153106_16.png,2
C:\Users\Admin\Desktop\DPL302m\RockPapperScissor\img\scissor\scissor_2023-05-29_154106_21.png,2
C:\Users\Admin\Desktop\DPL302m\RockPapperScissor\img\papper\papper_2023-05-29_155534_38.png,0
C:\Users\Admin\Desktop\DPL302m\RockPapperScissor\img\papper\papper_2023-05-29_155542_42.png,0
C:\Users\Admin\Desktop\DPL302m\RockPapperScissor\img\scissor\scissor_2023-05-29_153435_47.png,2
C:\Users\Admin\Desktop\DPL302m\RockPapperScissor\img\papper\papper_2023-05-29_155200_6.png,0
C:\Users\Admin\Desktop\DPL302m\RockPapperScissor\img\papper\papper_2023-05-29_155014_25.png,0
C:\Users\Admin\Desktop\DPL302m\RockPapperScissor\img\rock\rock_2023-05-29_152109_46.png,1
C:\Users\Admin\Desktop\DPL302m\RockPapperScissor\img\rock\rock_2023-05-29_151812_25.png,1
C:\Users\Admin\Desktop\DPL302m\RockPapperScissor\img\scissor\scissor_2023-05-29_152619_26.png,2
C:\Users\Admin\Desktop\DPL302m\RockPapperScissor\img\papper\papper_2023-05-29_155820_39.png,0
C:\Users\Admin\Desktop\DPL302m\RockPapperScissor\img\papper\papper_2023-05-29_155810_34.png,0
C:\Users\Admin\Desktop\DPL302m\RockPapperScissor\img\scissor\scissor_2023-05-29_153357_28.png,2
C:\Users\Admin\Desktop\DPL302m\RockPapperScissor\img\rock\rock_2023-05-29_150941_38.png,1
C:\Users\Admin\Desktop\DPL302m\RockPapperScissor\img\rock\rock_2023-05-29_151734_6.png,1
C:\Users\Admin\Desktop\DPL302m\RockPapperScissor\img\scissor\scissor_2023-05-29_153158_42.png,2
C:\Users\Admin\Desktop\DPL302m\RockPapperScissor\img\scissor\scissor_2023-05-29_153146_36.png,2
C:\Users\Admin\Desktop\DPL302m\RockPapperScissor\img\rock\rock_2023-05-29_150028_19.png,1
C:\Users\Admin\Desktop\DPL302m\RockPapperScissor\img\papper\papper_2023-05-29_155100_48.png,0
C:\Users\Admin\Desktop\DPL302m\RockPapperScissor\img\papper\papper_2023-05-29_155734_16.png,0
C:\Users\Admin\Desktop\DPL302m\RockPapperScissor\img\papper\papper_2023-05-29_155158_5.png,0
C:\Users\Admin\Desktop\DPL302m\RockPapperScissor\img\scissor\scissor_2023-05-29_154122_29.png,2
C:\Users\Admin\Desktop\DPL302m\RockPapperScissor\img\papper\papper_2023-05-29_155022_29.png,0
C:\Users\Admin\Desktop\DPL302m\RockPapperScissor\img\scissor\scissor_2023-05-29_154136_36.png,2
C:\Users\Admin\Desktop\DPL302m\RockPapperScissor\img\rock\rock_2023-05-29_152430_48.png,1
C:\Users\Admin\Desktop\DPL302m\RockPapperScissor\img\papper\papper_2023-05-29_154428_20.png,0
C:\Users\Admin\Desktop\DPL302m\RockPapperScissor\img\rock\rock_2023-05-29_152408_37.png,1
C:\Users\Admin\Desktop\DPL302m\RockPapperScissor\img\papper\papper_2023-05-29_154516_44.png,0
C:\Users\Admin\Desktop\DPL302m\RockPapperScissor\img\papper\papper_2023-05-29_155730_14.png,0
C:\Users\Admin\Desktop\DPL302m\RockPapperScissor\img\rock\rock_2023-05-29_151003_49.png,1
C:\Users\Admin\Desktop\DPL302m\RockPapperScissor\img\papper\papper_2023-05-29_155259_35.png,0
C:\Users\Admin\Desktop\DPL302m\RockPapperScissor\img\papper\papper_2023-05-29_154430_21.png,0
C:\Users\Admin\Desktop\DPL302m\RockPapperScissor\img\rock\rock_2023-05-29_152320_13.png,1
C:\Users\Admin\Desktop\DPL302m\RockPapperScissor\img\scissor\scissor_2023-05-29_152605_19.png,2
C:\Users\Admin\Desktop\DPL302m\RockPapperScissor\img\rock\rock_2023-05-29_150408_46.png,1
C:\Users\Admin\Desktop\DPL302m\RockPapperScissor\img\papper\papper_2023-05-29_155840_49.png,0
C:\Users\Admin\Desktop\DPL302m\RockPapperScissor\img\papper\papper_2023-05-29_154942_9.png,0
C:\Users\Admin\Desktop\DPL302m\RockPapperScissor\img\scissor\scissor_2023-05-29_152904_45.png,2
C:\Users\Admin\Desktop\DPL302m\RockPapperScissor\img\scissor\scissor_2023-05-29_154100_18.png,2
C:\Users\Admin\Desktop\DPL302m\RockPapperScissor\img\papper\papper_2023-05-29_154756_44.png,0
C:\Users\Admin\Desktop\DPL302m\RockPapperScissor\img\papper\papper_2023-05-29_155742_20.png,0
C:\Users\Admin\Desktop\DPL302m\RockPapperScissor\img\scissor\scissor_2023-05-29_154132_34.png,2
C:\Users\Admin\Desktop\DPL302m\RockPapperScissor\img\scissor\scissor_2023-05-29_153347_23.png,2
C:\Users\Admin\Desktop\DPL302m\RockPapperScissor\img\rock\rock_2023-05-29_151758_18.png,1
C:\Users\Admin\Desktop\DPL302m\RockPapperScissor\img\rock\rock_2023-05-29_150841_8.png,1
C:\Users\Admin\Desktop\DPL302m\RockPapperScissor\img\scissor\scissor_2023-05-29_152858_42.png,2
C:\Users\Admin\Desktop\DPL302m\RockPapperScissor\img\scissor\scissor_2023-05-29_153305_2.png,2
C:\Users\Admin\Desktop\DPL302m\RockPapperScissor\img\scissor\scissor_2023-05-29_153214_50.png,2
C:\Users\Admin\Desktop\DPL302m\RockPapperScissor\img\rock\rock_2023-05-29_152344_25.png,1
C:\Users\Admin\Desktop\DPL302m\RockPapperScissor\img\papper\papper_2023-05-29_155316_44.png,0
C:\Users\Admin\Desktop\DPL302m\RockPapperScissor\img\rock\rock_2023-05-29_152340_23.png,1
C:\Users\Admin\Desktop\DPL302m\RockPapperScissor\img\rock\rock_2023-05-29_150849_12.png,1
C:\Users\Admin\Desktop\DPL302m\RockPapperScissor\img\rock\rock_2023-05-29_152013_18.png,1
C:\Users\Admin\Desktop\DPL302m\RockPapperScissor\img\rock\rock_2023-05-29_152009_16.png,1
C:\Users\Admin\Desktop\DPL302m\RockPapperScissor\img\scissor\scissor_2023-05-29_154052_14.png,2
C:\Users\Admin\Desktop\DPL302m\RockPapperScissor\img\papper\papper_2023-05-29_155304_38.png,0
C:\Users\Admin\Desktop\DPL302m\RockPapperScissor\img\rock\rock_2023-05-29_151732_5.png,1
C:\Users\Admin\Desktop\DPL302m\RockPapperScissor\img\scissor\scissor_2023-05-29_152533_3.png,2
C:\Users\Admin\Desktop\DPL302m\RockPapperScissor\img\rock\rock_2023-05-29_150304_14.png,1
C:\Users\Admin\Desktop\DPL302m\RockPapperScissor\img\scissor\scissor_2023-05-29_153329_14.png,2
C:\Users\Admin\Desktop\DPL302m\RockPapperScissor\img\scissor\scissor_2023-05-29_153040_3.png,2
C:\Users\Admin\Desktop\DPL302m\RockPapperScissor\img\papper\papper_2023-05-29_155028_32.png,0
C:\Users\Admin\Desktop\DPL302m\RockPapperScissor\img\rock\rock_2023-05-29_151001_48.png,1
C:\Users\Admin\Desktop\DPL302m\RockPapperScissor\img\papper\papper_2023-05-29_154636_4.png,0
C:\Users\Admin\Desktop\DPL302m\RockPapperScissor\img\rock\rock_2023-05-29_151732_5 copy.png,1
C:\Users\Admin\Desktop\DPL302m\RockPapperScissor\img\papper\papper_2023-05-29_155746_22.png,0
C:\Users\Admin\Desktop\DPL302m\RockPapperScissor\img\scissor\scissor_2023-05-29_152529_1.png,2
C:\Users\Admin\Desktop\DPL302m\RockPapperScissor\img\rock\rock_2023-05-29_151957_10.png,1
C:\Users\Admin\Desktop\DPL302m\RockPapperScissor\img\rock\rock_2023-05-29_152103_43.png,1
C:\Users\Admin\Desktop\DPL302m\RockPapperScissor\img\papper\papper_2023-05-29_155424_3.png,0
C:\Users\Admin\Desktop\DPL302m\RockPapperScissor\img\scissor\scissor_2023-05-29_153437_48 copy.png,2
C:\Users\Admin\Desktop\DPL302m\RockPapperScissor\img\papper\papper_2023-05-29_154754_43.png,0
C:\Users\Admin\Desktop\DPL302m\RockPapperScissor\img\papper\papper_2023-05-29_154432_22.png,0
C:\Users\Admin\Desktop\DPL302m\RockPapperScissor\img\rock\rock_2023-05-29_152334_20.png,1
C:\Users\Admin\Desktop\DPL302m\RockPapperScissor\img\scissor\scissor_2023-05-29_152615_24.png,2
C:\Users\Admin\Desktop\DPL302m\RockPapperScissor\img\rock\rock_2023-05-29_150400_42.png,1
C:\Users\Admin\Desktop\DPL302m\RockPapperScissor\img\scissor\scissor_2023-05-29_153608_26 copy.png,2
C:\Users\Admin\Desktop\DPL302m\RockPapperScissor\img\scissor\scissor_2023-05-29_154034_5.png,2
C:\Users\Admin\Desktop\DPL302m\RockPapperScissor\img\rock\rock_2023-05-29_150012_11.png,1
C:\Users\Admin\Desktop\DPL302m\RockPapperScissor\img\papper\papper_2023-05-29_155052_44.png,0
C:\Users\Admin\Desktop\DPL302m\RockPapperScissor\img\scissor\scissor_2023-05-29_152846_36.png,2
C:\Users\Admin\Desktop\DPL302m\RockPapperScissor\img\scissor\scissor_2023-05-29_153355_27.png,2
C:\Users\Admin\Desktop\DPL302m\RockPapperScissor\img\papper\papper_2023-05-29_155556_49.png,0
C:\Users\Admin\Desktop\DPL302m\RockPapperScissor\img\rock\rock_2023-05-29_150034_22.png,1
C:\Users\Admin\Desktop\DPL302m\RockPapperScissor\img\papper\papper_2023-05-29_155326_49.png,0
C:\Users\Admin\Desktop\DPL302m\RockPapperScissor\img\scissor\scissor_2023-05-29_153128_27.png,2
C:\Users\Admin\Desktop\DPL302m\RockPapperScissor\img\scissor\scissor_2023-05-29_153417_38.png,2
C:\Users\Admin\Desktop\DPL302m\RockPapperScissor\img\scissor\scissor_2023-05-29_154036_6.png,2
C:\Users\Admin\Desktop\DPL302m\RockPapperScissor\img\rock\rock_2023-05-29_151947_5.png,1
C:\Users\Admin\Desktop\DPL302m\RockPapperScissor\img\papper\papper_2023-05-29_154512_42.png,0
C:\Users\Admin\Desktop\DPL302m\RockPapperScissor\img\rock\rock_2023-05-29_150022_16.png,1
C:\Users\Admin\Desktop\DPL302m\RockPapperScissor\img\rock\rock_2023-05-29_151949_6.png,1
C:\Users\Admin\Desktop\DPL302m\RockPapperScissor\img\rock\rock_2023-05-29_152300_3.png,1
C:\Users\Admin\Desktop\DPL302m\RockPapperScissor\img\scissor\scissor_2023-05-29_154028_2.png,2
C:\Users\Admin\Desktop\DPL302m\RockPapperScissor\img\scissor\scissor_2023-05-29_154054_15.png,2
C:\Users\Admin\Desktop\DPL302m\RockPapperScissor\img\rock\rock_2023-05-29_150104_37.png,1
C:\Users\Admin\Desktop\DPL302m\RockPapperScissor\img\scissor\scissor_2023-05-29_153118_22.png,2
C:\Users\Admin\Desktop\DPL302m\RockPapperScissor\img\papper\papper_2023-05-29_154412_12.png,0
C:\Users\Admin\Desktop\DPL302m\RockPapperScissor\img\scissor\scissor_2023-05-29_153415_37.png,2
C:\Users\Admin\Desktop\DPL302m\RockPapperScissor\img\scissor\scissor_2023-05-29_152549_11.png,2
C:\Users\Admin\Desktop\DPL302m\RockPapperScissor\img\scissor\scissor_2023-05-29_152539_6.png,2
C:\Users\Admin\Desktop\DPL302m\RockPapperScissor\img\papper\papper_2023-05-29_154806_49.png,0
C:\Users\Admin\Desktop\DPL302m\RockPapperScissor\img\papper\papper_2023-05-29_154454_33.png,0
C:\Users\Admin\Desktop\DPL302m\RockPapperScissor\img\scissor\scissor_2023-05-29_154202_49 copy.png,2
C:\Users\Admin\Desktop\DPL302m\RockPapperScissor\img\scissor\scissor_2023-05-29_153644_44.png,2
C:\Users\Admin\Desktop\DPL302m\RockPapperScissor\img\rock\rock_2023-05-29_152420_43.png,1
C:\Users\Admin\Desktop\DPL302m\RockPapperScissor\img\papper\papper_2023-05-29_155321_46.png,0
C:\Users\Admin\Desktop\DPL302m\RockPapperScissor\img\scissor\scissor_2023-05-29_154112_24.png,2
C:\Users\Admin\Desktop\DPL302m\RockPapperScissor\img\scissor\scissor_2023-05-29_154108_22.png,2
C:\Users\Admin\Desktop\DPL302m\RockPapperScissor\img\rock\rock_2023-05-29_150036_23.png,1
C:\Users\Admin\Desktop\DPL302m\RockPapperScissor\img\scissor\scissor_2023-05-29_152856_41.png,2
C:\Users\Admin\Desktop\DPL302m\RockPapperScissor\img\scissor\scissor_2023-05-29_153325_12.png,2
C:\Users\Admin\Desktop\DPL302m\RockPapperScissor\img\rock\rock_2023-05-29_150112_41.png,1
C:\Users\Admin\Desktop\DPL302m\RockPapperScissor\img\rock\rock_2023-05-29_145954_2.png,1
C:\Users\Admin\Desktop\DPL302m\RockPapperScissor\img\rock\rock_2023-05-29_151730_4.png,1
C:\Users\Admin\Desktop\DPL302m\RockPapperScissor\img\rock\rock_2023-05-29_152332_19.png,1
C:\Users\Admin\Desktop\DPL302m\RockPapperScissor\img\papper\papper_2023-05-29_154800_46.png,0
C:\Users\Admin\Desktop\DPL302m\RockPapperScissor\img\scissor\scissor_2023-05-29_153411_35.png,2
C:\Users\Admin\Desktop\DPL302m\RockPapperScissor\img\papper\papper_2023-05-29_155750_24.png,0
C:\Users\Admin\Desktop\DPL302m\RockPapperScissor\img\scissor\scissor_2023-05-29_153337_18.png,2
C:\Users\Admin\Desktop\DPL302m\RockPapperScissor\img\papper\papper_2023-05-29_155454_18.png,0
C:\Users\Admin\Desktop\DPL302m\RockPapperScissor\img\rock\rock_2023-05-29_152011_17.png,1
C:\Users\Admin\Desktop\DPL302m\RockPapperScissor\img\rock\rock_2023-05-29_152324_15.png,1
C:\Users\Admin\Desktop\DPL302m\RockPapperScissor\img\scissor\scissor_2023-05-29_153600_22.png,2
C:\Users\Admin\Desktop\DPL302m\RockPapperScissor\img\papper\papper_2023-05-29_155240_26.png,0
C:\Users\Admin\Desktop\DPL302m\RockPapperScissor\img\scissor\scissor_2023-05-29_152840_33.png,2
